Emp ID,Name Prefix,First Name,Middle Initial,Last Name,Gender,E Mail,Date of Birth,Date of Joining,SSN
850297,Ms.,Shawna,W,Buck,F,shawna.buck@gmail.com,12/12/1971,12/18/2010,222-11-7603
304721,Mr.,Nathaniel,Z,Burke,M,nathaniel.burke@walmart.com,10/31/1993,4/25/2017,550-99-9897
412317,Drs.,Elisabeth,W,Foster,F,elisabeth.foster@gmail.com,11/26/1994,3/27/2017,215-91-0004
621375,Mrs.,Briana,C,Lancaster,F,,11/24/1975,2/25/2003,534-71-1053
,Hon.,Estella,L,Potter,F,estella.potter@gmail.com,3/13/1995,10/11/2016,644-29-6396
520092,Mr.,Lamont,L,Woods,M,lamont.woods@hotmail.com,10/13/1991,11/27/2014,037-74-2595
795934,Ms.,Melinda,L,,F,melinda.lopez@hotmail.com,9/15/1984,11/22/2005,541-83-6362
159108,Mrs.,Shanna,U,Silva,F,shanna.silva@gmail.com,6/19/1958,10/23/1999,673-48-7003
330816,Ms.,Jasmine,J,Freeman,F,jasmine.freeman@gmail.com,8/31/1961,2/1/1983,600-99-8437
,Ms.,Madge,V,Sargent,F,madge.sargent@aol.com,10/2/1981,4/13/2006,177-86-7347
612850,Ms.,Bethany,Z,Cline,F,bethany.cline@yahoo.ca,10/1/1986,4/19/2008,700-18-6519
483751,Prof.,Reid,F,Randolph,M,reid.randolph@gmail.com,1/20/1989,4/8/2017,343-11-4951
252938,Hon.,Antoine,H,,M,antoine.wiley@verizon.net,2/22/1996,4/18/2017,078-02-8772
966375,Dr.,Mathew,O,Hodge,M,mathew.hodge@hotmail.com,7/5/1995,11/11/2016,161-86-9547
707520,Mr.,Bernardo,L,Austin,M,bernardo.austin@hotmail.com,2/2/1975,1/26/2005,143-23-9034
673049,Dr.,Cole,E,Jensen,M,cole.jensen@aol.com,2/10/1990,5/30/2011,762-12-1934
265124,Ms.,Tonia,J,Burns,F,tonia.burns@gmail.com,4/19/1985,9/12/2014,093-02-0725
300693,Mr.,Tod,N,Holcomb,M,tod.holcomb@outlook.com,6/21/1987,6/5/2015,770-02-9125
369712,Mrs.,Yesenia,B,Guerrero,F,yesenia.guerrero@btinternet.com,3/29/1968,,494-29-3248
913253,Mr.,Carey,B,Ferrell,M,carey.ferrell@yahoo.com,5/22/1972,10/30/2004,522-99-2018
308617,Mrs.,Aileen,D,Blanchard,F,aileen.blanchard@gmail.com,12/5/1986,7/18/2009,401-73-0903
766783,Mrs.,Marta,N,Cervantes,F,marta.cervantes@gmail.com,2/17/1971,9/17/2016,530-99-5537
959506,Mr.,Arthur,Q,Holloway,M,arthur.holloway@aol.com,9/21/1970,1/27/2004,210-84-4283
513011,Ms.,Tara,Y,Forbes,F,tara.forbes@gmail.com,6/26/1976,9/24/2009,249-99-1301
290808,Mr.,Josef,S,Griffin,M,josef.griffin@yahoo.com,8/14/1976,2/25/1998,263-99-4192
253588,Ms.,Keri,J,Slater,F,keri.slater@apple.com,8/3/1960,8/9/1994,391-33-2772
865628,Mr.,Desmond,R,Wynn,M,desmond.wynn@hotmail.com,7/9/1992,10/1/2013,672-48-8042
583924,Mrs.,Adrienne,H,Puckett,F,adrienne.puckett@verizon.net,5/22/1975,2/22/1997,218-89-2915
932453,Mrs.,Beatriz,I,Knowles,F,beatriz.knowles@gmail.com,2/25/1984,9/16/2011,708-18-8763
432168,Hon.,Jermaine,S,Sykes,M,jermaine.sykes@apple.com,1/18/1990,5/24/2016,558-99-4351
463784,Mr.,Scott,H,Best,M,scott.best@cox.net,8/24/1990,12/22/2015,118-98-6210
721098,Ms.,Isabel,Q,Espinoza,F,isabel.espinoza@gmail.com,12/9/1971,10/14/1993,393-33-2020
392678,Mr.,Marcelino,Y,Kinney,M,marcelino.kinney@gmail.com,1/26/1996,2/28/2017,013-94-1066
880704,Dr.,Benjamin,X,Jennings,M,benjamin.jennings@gmail.com,5/21/1977,6/10/2001,585-99-8326
186102,Drs.,Marcia,N,Casey,F,marcia.casey@gmail.com,7/24/1966,11/8/2013,433-99-1252
350367,Mr.,Rudolph,P,Gordon,M,rudolph.gordon@aol.com,4/28/1979,11/12/2001,461-99-0808
893976,Ms.,Beverly,I,Rosales,F,beverly.rosales@yahoo.com,3/4/1975,4/24/2005,475-55-0832
542826,Mr.,Marcus,D,Bolton,M,marcus.bolton@aol.com,7/5/1977,1/9/2011,068-02-2280
590579,Ms.,Priscilla,Z,Mays,F,priscilla.mays@gmail.com,9/4/1985,2/26/2017,377-37-1416
297741,Ms.,Lynn,E,Pena,F,lynn.pena@yahoo.co.in,8/14/1962,11/8/1996,524-99-3502
458320,Ms.,Tessa,D,Pace,F,tessa.pace@aol.com,12/7/1957,12/29/2012,135-25-6072
297059,Mr.,Rufus,S,Guerra,M,rufus.guerra@rediffmail.com,12/25/1967,5/1/2004,200-84-8326
874971,Mr.,Roman,R,Clark,M,roman.clark@aol.com,12/25/1962,1/8/1985,093-02-5729
136626,Ms.,Carmela,D,Jefferson,F,carmela.jefferson@walmart.com,3/17/1975,2/27/2003,395-33-1359
865495,Mr.,Thurman,J,Good,M,thurman.good@yahoo.com,1/27/1996,2/6/2017,306-37-8083
415161,Dr.,Lemuel,V,Guerrero,M,lemuel.guerrero@aol.com,6/7/1985,10/15/2011,759-12-8112
279563,Mr.,Clint,A,Bridges,M,clint.bridges@aol.com,5/3/1994,10/14/2015,366-39-9002
201710,Ms.,Karyn,A,Christian,F,karyn.christian@aol.com,5/22/1983,6/18/2017,338-11-7664
722543,Ms.,Lesa,E,Hughes,F,lesa.hughes@bp.com,2/13/1981,1/3/2016,302-15-6438
909337,Mr.,Rich,M,Bates,M,rich.bates@apple.com,2/28/1989,1/22/2011,762-12-7813
601071,Ms.,Liz,H,Frank,F,liz.frank@hotmail.com,3/15/1986,2/14/2009,361-08-6826
269523,Hon.,Kendra,X,Villarreal,F,kendra.villarreal@gmail.com,10/22/1963,3/30/2007,298-15-2734
310986,Drs.,Maryellen,R,Mcfadden,F,maryellen.mcfadden@hotmail.co.uk,10/3/1975,4/14/2017,437-99-3995
323914,Mr.,German,M,Carney,M,german.carney@aol.com,7/21/1958,5/14/2000,117-98-3137
928739,Hon.,Micheal,A,Shannon,M,micheal.shannon@earthlink.net,12/8/1986,2/27/2015,610-87-0573
238992,Dr.,Carlo,X,Albert,M,carlo.albert@gmail.com,12/6/1961,12/26/1996,684-24-8918
434046,Mrs.,Bianca,I,Langley,F,bianca.langley@gmail.com,6/3/1960,4/14/1994,548-99-1891
971444,Mr.,Elias,X,Cabrera,M,elias.cabrera@yahoo.com,7/13/1990,5/2/2016,327-11-4323
602683,Ms.,Alberta,A,Chapman,F,alberta.chapman@comcast.net,6/5/1972,6/29/1999,043-15-2394
145327,Mr.,Erin,M,Olsen,M,erin.olsen@yahoo.ca,8/8/1994,4/19/2016,078-02-5597
597202,Dr.,Frederic,E,Stephenson,M,frederic.stephenson@gmail.com,10/15/1969,4/23/2013,718-18-4544
168824,Mr.,Tanner,T,Caldwell,M,tanner.caldwell@aol.com,4/8/1968,6/6/1999,651-62-1143
616665,Mr.,Clarence,I,Powers,M,clarence.powers@gmail.com,7/5/1982,4/11/2005,485-41-0226
396135,Prof.,German,I,Sheppard,M,german.sheppard@gmail.com,7/29/1991,10/24/2014,521-99-4180
966525,Mr.,Dion,U,Duffy,M,dion.duffy@aol.com,4/6/1995,1/16/2017,537-71-4655
362287,Mr.,Cornelius,V,Townsend,M,cornelius.townsend@charter.net,6/2/1970,4/26/2009,440-29-7897
798646,Ms.,Patsy,N,Koch,F,patsy.koch@gmail.com,7/15/1984,3/9/2010,607-87-2784
451972,Hon.,Waldo,I,Shields,M,waldo.shields@aol.com,11/29/1970,2/22/2012,770-02-3111
993675,Hon.,Damien,Z,Rose,M,damien.rose@gmail.com,7/15/1965,12/17/2005,619-87-8206
807964,Mr.,Curt,Y,Bridges,M,curt.bridges@microsoft.com,10/22/1978,9/17/2011,633-31-8420
769123,Mr.,Brenton,N,Matthews,M,brenton.matthews@bellsouth.net,11/6/1970,12/27/1994,495-29-4565
395792,Hon.,Miguel,W,Finley,M,miguel.finley@gmail.com,7/6/1980,7/12/2004,698-16-2863
929791,Ms.,Esperanza,E,Paul,F,esperanza.paul@aol.com,12/10/1960,3/14/1990,318-11-9459
141326,Hon.,Patricia,C,Briggs,F,patricia.briggs@yahoo.com,11/13/1975,5/5/2000,711-18-1075
232794,Dr.,Forrest,B,Noel,M,forrest.noel@hotmail.com,3/25/1978,4/5/1999,107-98-0848
946835,Hon.,Marjorie,J,Wells,F,marjorie.wells@bp.com,9/14/1961,12/2/2005,725-18-0941
894936,Ms.,Vivian,T,Burnett,F,vivian.burnett@gmail.com,2/9/1960,9/6/2001,001-11-5958
946630,Mr.,Duncan,L,Chen,M,duncan.chen@yahoo.co.uk,2/17/1964,11/2/2000,247-99-3757
381338,Ms.,Miriam,A,Barrett,F,miriam.barrett@yahoo.ca,6/25/1990,3/8/2016,031-92-2692
141178,Mr.,Adam,X,Kirby,M,adam.kirby@yahoo.ca,8/11/1963,8/3/2015,152-23-6880
169763,Prof.,Benjamin,X,Macdonald,M,benjamin.macdonald@gmail.com,5/16/1976,4/20/1999,295-15-3529
326358,Mr.,Neil,U,Murray,M,neil.murray@apple.com,9/17/1985,3/24/2016,375-37-8892
185077,Ms.,Nichole,S,Oneil,F,nichole.oneil@shaw.ca,11/30/1957,3/24/2008,768-02-1938
901185,Mr.,Jonathon,M,Pearson,M,jonathon.pearson@yahoo.com,9/30/1967,8/17/2015,263-99-7250
264960,Dr.,Brent,J,Bryant,M,brent.bryant@aol.com,5/9/1960,12/30/1985,592-99-1277
248449,Ms.,Carlene,E,Cain,F,carlene.cain@rediffmail.com,11/25/1985,6/25/2007,056-02-8441
906870,Mr.,Arnulfo,M,Pittman,M,arnulfo.pittman@yahoo.ca,9/26/1972,5/11/2002,355-08-6207
160503,Mr.,Nickolas,Z,Williams,M,nickolas.williams@gmail.com,6/23/1985,6/15/2009,501-37-0648
212917,Prof.,Raymundo,W,Kramer,M,raymundo.kramer@aol.com,4/29/1975,7/1/2002,526-99-6591
337955,Mr.,Jeremiah,W,Dotson,M,jeremiah.dotson@cox.net,7/16/1988,1/21/2015,562-99-8892
171553,Mr.,Tanner,I,Matthews,M,tanner.matthews@rediffmail.com,9/24/1976,12/7/2008,602-87-3904
433510,Mr.,Dorian,A,Foster,M,dorian.foster@gmail.com,7/24/1960,8/15/2009,021-94-2703
970502,Drs.,Nora,I,Hansen,F,nora.hansen@yahoo.co.uk,11/13/1982,6/1/2004,766-04-0139
668717,Hon.,Danial,F,Watts,M,danial.watts@hotmail.com,8/15/1959,6/9/2013,235-57-6265
479832,Dr.,Nelson,H,Mcintosh,M,nelson.mcintosh@bp.com,8/17/1975,7/15/2005,100-02-9212
273645,Dr.,Manuel,J,Fulton,M,manuel.fulton@gmail.com,7/16/1983,6/29/2017,695-16-1078
266284,Hon.,Dominic,U,Henson,M,dominic.henson@aol.com,4/8/1979,2/6/2003,670-48-0872
332802,Mr.,Lowell,M,Erickson,M,lowell.erickson@gmail.com,9/2/1982,10/23/2013,506-57-1112
166615,Mrs.,Jayne,O,Coleman,F,jayne.coleman@yahoo.ca,8/18/1980,11/27/2010,361-08-7099
953967,Mr.,Cornell,G,Daniel,M,cornell.daniel@yahoo.com,5/27/1960,10/31/2004,285-15-0464
114425,Mrs.,Doris,G,Glenn,F,doris.glenn@yahoo.co.uk,1/14/1976,9/2/2002,695-16-1021
676618,Drs.,Tabatha,C,Gonzales,F,tabatha.gonzales@sbcglobal.net,6/9/1966,8/7/2009,601-99-3515
581563,Prof.,Jerome,E,Foreman,M,jerome.foreman@verizon.net,12/11/1988,8/28/2015,525-99-8310
925484,Mr.,Elton,L,Ferguson,M,elton.ferguson@ibm.com,11/30/1982,5/9/2006,060-02-7585
328562,Mr.,Stacy,V,Jennings,M,stacy.jennings@gmail.com,6/6/1980,6/28/2006,772-02-1098
759248,Dr.,Rory,V,Fowler,M,rory.fowler@shaw.ca,3/6/1976,12/22/2004,582-99-8089
158543,Mr.,Greg,S,Kane,M,greg.kane@bp.com,4/13/1964,5/21/1992,359-08-4375
275491,Dr.,Julian,Y,Russo,M,julian.russo@gmail.com,4/15/1958,1/27/1988,193-86-6196
257927,Ms.,Agnes,J,Herman,F,agnes.herman@gmail.com,12/12/1975,1/4/1998,285-15-4898
144114,Mrs.,Nancy,P,Gillespie,F,nancy.gillespie@ibm.com,4/26/1980,2/3/2011,571-99-8980
262843,Mr.,Tyrone,N,Soto,M,tyrone.soto@yahoo.com,4/7/1973,10/26/2002,260-99-2602
963676,Mr.,Bradley,L,Chan,M,bradley.chan@hotmail.com,6/30/1979,12/2/2002,578-53-2084
745672,Dr.,Emile,A,Love,M,emile.love@gmail.com,10/19/1980,1/23/2011,463-99-4496
135089,Prof.,Zachary,G,Gregory,M,zachary.gregory@cox.net,11/14/1986,7/14/2010,022-92-4866
593953,Drs.,Tara,A,Gutierrez,F,tara.gutierrez@aol.com,1/29/1971,8/17/1995,533-71-1082
169348,Mr.,Aubrey,T,Pugh,M,aubrey.pugh@gmail.com,12/13/1993,3/1/2016,029-92-8064
976096,Mr.,Carroll,E,Sweeney,M,carroll.sweeney@walmart.com,6/13/1989,6/22/2016,496-29-5249
790389,Ms.,Claudette,W,Solomon,F,claudette.solomon@yahoo.com,12/20/1984,7/24/2014,715-18-3952
143898,Mr.,Ricky,C,Bowers,M,ricky.bowers@hotmail.com,11/5/1976,12/28/2008,579-53-3688
749765,Mr.,Brian,S,Fitzpatrick,M,brian.fitzpatrick@gmail.com,11/30/1978,11/9/2007,076-02-8987
877422,Hon.,Nicholas,T,Branch,M,nicholas.branch@gmail.com,2/4/1992,6/13/2013,582-99-0794
825343,Mrs.,Eileen,A,Hobbs,F,eileen.hobbs@gmail.com,5/10/1964,8/1/1994,721-18-8978
155570,Mr.,Colin,G,Wilson,M,colin.wilson@yahoo.com,3/14/1976,4/15/2002,456-99-5072
587361,Hon.,Rosario,W,Trevino,F,rosario.trevino@hotmail.co.uk,12/20/1960,6/30/2001,438-99-6733
191240,Mr.,Salvador,Q,Gutierrez,M,salvador.gutierrez@hotmail.com,2/27/1994,1/24/2016,433-99-8048
404070,Prof.,Aldo,J,Medina,M,aldo.medina@gmail.com,11/6/1973,10/4/2009,450-99-2217
192175,Dr.,Bret,J,Blevins,M,bret.blevins@gmail.com,9/30/1979,7/11/2015,097-02-5670
825853,Hon.,Dominic,H,Mosley,M,dominic.mosley@gmail.com,7/19/1996,7/27/2017,524-99-5211
430843,Ms.,Karina,J,Owens,F,karina.owens@gmail.com,10/30/1957,6/30/1984,021-94-2215
597805,Hon.,Marquis,R,Perkins,M,marquis.perkins@aol.com,11/30/1984,4/7/2012,395-33-0468
651120,Mr.,Damon,G,Solomon,M,damon.solomon@aol.com,7/31/1964,5/10/2008,074-02-6697
995242,Mr.,Leonel,K,Atkins,M,leonel.atkins@hotmail.com,7/11/1996,7/27/2017,191-86-5365
839558,Mr.,Teddy,A,Merritt,M,teddy.merritt@msn.com,6/10/1977,5/15/2010,330-11-1775
398788,Ms.,Alexandria,Y,Long,F,alexandria.long@hotmail.com,2/15/1989,11/16/2010,351-08-0065
166790,Ms.,Margaret,C,Reilly,F,margaret.reilly@yahoo.com,10/5/1971,1/8/1995,085-02-5151
581261,Dr.,Willis,L,Rose,M,willis.rose@gmail.com,7/27/1979,12/25/2010,502-37-0169
793523,Prof.,Donovan,O,Bowman,M,donovan.bowman@hotmail.com,3/3/1987,9/16/2011,333-11-3489
178602,Mrs.,Kristina,Q,Mcgowan,F,kristina.mcgowan@gmail.com,8/29/1978,5/11/2007,177-86-1872
346662,Mr.,Garth,I,Clarke,M,garth.clarke@yahoo.com,11/11/1969,11/7/2015,473-55-8809
817037,Mr.,Martin,W,Buchanan,M,martin.buchanan@charter.net,9/14/1974,7/14/2001,698-16-9625
648913,Mr.,Irwin,D,Jenkins,M,irwin.jenkins@aol.com,5/20/1975,5/23/2013,027-92-7402
924281,Mr.,Reynaldo,P,Sosa,M,reynaldo.sosa@gmail.com,10/15/1965,5/3/1989,583-99-6285
951857,Drs.,Sherri,T,Snyder,F,sherri.snyder@gmail.com,5/30/1991,8/21/2013,690-22-1232
474759,Mr.,Johnny,E,Dunlap,M,johnny.dunlap@gmail.com,11/2/1962,7/15/2012,473-55-5773
144715,Mr.,Earnest,X,Kirk,M,earnest.kirk@gmail.com,3/1/1965,9/21/2005,424-65-1841
141086,Dr.,Bernardo,Q,Mcdowell,M,bernardo.mcdowell@gmail.com,5/28/1963,4/24/2003,065-02-8230
633255,Hon.,Yvette,U,Warner,F,yvette.warner@yahoo.com,6/17/1996,7/9/2017,080-02-6759
768457,Mr.,Robby,U,Jordan,M,robby.jordan@comcast.net,3/20/1974,3/12/2007,731-28-7678
583282,Mrs.,Carolina,Y,Coleman,F,carolina.coleman@aol.com,10/30/1994,7/1/2016,522-99-8409
421955,Ms.,Sonia,X,Cook,F,sonia.cook@gmail.com,7/3/1965,12/25/2012,211-84-2167
556491,Prof.,Larry,C,Tran,M,larry.tran@gmail.com,1/12/1970,3/15/2007,145-23-5514
701223,Ms.,Esmeralda,P,Grant,F,esmeralda.grant@yahoo.com,12/19/1990,1/24/2013,536-71-6439
122005,Hon.,Candy,K,Singleton,F,candy.singleton@hotmail.com,6/29/1981,4/11/2017,334-11-6997
461385,Mrs.,Emma,E,Obrien,F,emma.obrien@gmail.com,9/15/1966,12/2/2012,425-99-7082
249180,Dr.,Scot,M,Beach,M,scot.beach@sbcglobal.net,7/31/1980,6/29/2010,756-12-8398
634658,Mr.,Rolland,D,Mendoza,M,rolland.mendoza@yahoo.com,8/5/1966,1/26/2015,180-86-0187
842752,Mrs.,Tommie,B,Sanchez,F,tommie.sanchez@gmail.com,6/6/1974,9/25/1997,148-23-0773
513773,Prof.,Jessie,N,Cortez,M,jessie.cortez@exxonmobil.com,9/20/1981,4/16/2016,165-86-1499
781472,Mr.,Isiah,T,Guthrie,M,isiah.guthrie@bellsouth.net,8/19/1965,5/6/2009,100-02-2099
747200,Mrs.,Janelle,Q,Gill,F,janelle.gill@gmail.com,5/27/1962,7/13/1999,390-33-9081
932425,Mr.,Christoper,Y,Haynes,M,christoper.haynes@yahoo.com,9/1/1979,2/24/2014,488-29-1186
962851,Ms.,Kathie,E,Kirby,F,kathie.kirby@sbcglobal.net,11/22/1986,7/30/2011,492-29-8466
168829,Ms.,Antonia,H,Kinney,F,antonia.kinney@gmail.com,2/9/1985,5/26/2006,125-98-4079
603575,Ms.,Ophelia,V,Wagner,F,ophelia.wagner@ibm.com,2/2/1972,11/25/2013,083-02-0316
419075,Mrs.,Hallie,G,Cervantes,F,hallie.cervantes@aol.com,6/30/1979,4/3/2016,649-56-2968
224473,Ms.,Adriana,R,Mcfarland,F,adriana.mcfarland@outlook.com,8/29/1978,1/10/2000,256-99-0570
552582,Hon.,Jana,L,Weiss,F,jana.weiss@gmail.com,1/4/1968,6/3/2000,315-35-7587
724235,Mr.,Quentin,J,Benson,M,quentin.benson@gmail.com,3/21/1980,4/17/2013,131-98-3113
908007,Mrs.,Debra,S,Pena,F,debra.pena@ibm.com,11/25/1990,9/17/2015,168-86-9131
871610,Mr.,Kenton,I,Moreno,M,kenton.moreno@shell.com,1/19/1993,1/8/2016,647-21-4922
491595,Prof.,Ian,O,Alvarado,M,ian.alvarado@aol.com,9/25/1965,12/27/1998,073-02-6652
821474,Mr.,Jasper,F,Lucas,M,jasper.lucas@yahoo.co.in,9/18/1981,2/12/2003,344-11-3729
206783,Hon.,Brock,X,Roberts,M,brock.roberts@yahoo.co.in,2/27/1968,1/8/1991,367-39-5971
870463,Mr.,Salvador,S,Deleon,M,salvador.deleon@hotmail.com,4/7/1969,2/21/1995,662-22-8169
809491,Mr.,Terence,U,Giles,M,terence.giles@yahoo.com,9/15/1976,6/12/2010,175-86-1083
924427,Mr.,Dario,O,Townsend,M,dario.townsend@yahoo.com,5/10/1962,1/27/1994,222-11-0449
505780,Drs.,Ester,Z,Houston,F,ester.houston@ibm.com,3/12/1978,7/1/2007,551-99-8062
149904,Ms.,Leanne,R,Mcmahon,F,leanne.mcmahon@shaw.ca,1/11/1964,5/8/1985,122-98-1489
886315,Dr.,Valentin,S,Montoya,M,valentin.montoya@aol.com,11/7/1965,1/5/1997,532-71-1470
948512,Mr.,Jared,Q,Shepherd,M,jared.shepherd@ntlworld.com,3/26/1996,5/10/2017,480-41-8590
780963,Mrs.,Jami,P,Cantrell,F,jami.cantrell@hotmail.com,3/30/1986,4/20/2007,288-15-3260
282037,Mr.,Bruno,M,Whitney,M,bruno.whitney@sbcglobal.net,3/21/1976,4/4/2010,430-99-5587
505758,Mr.,Garland,Q,Watkins,M,garland.watkins@apple.com,1/14/1962,9/26/2008,181-86-4186
487100,Mr.,Augustus,E,Maldonado,M,augustus.maldonado@yahoo.com,5/25/1992,8/1/2016,001-11-5502
974444,Prof.,Luther,F,Mcneil,M,luther.mcneil@aol.com,3/31/1992,4/2/2014,167-86-7703
829416,Mr.,Jimmy,C,Molina,M,jimmy.molina@gmail.com,5/8/1966,10/11/2005,044-15-5704
146825,Hon.,Morton,Q,Franklin,M,morton.franklin@cox.net,8/22/1960,2/14/2008,314-35-6383
603179,Mr.,Andrew,V,Price,M,andrew.price@yahoo.co.uk,3/6/1987,5/31/2009,387-33-5564
175035,Ms.,Ava,L,Romero,F,ava.romero@aol.com,5/25/1972,9/14/2004,267-99-0811
358935,Ms.,Anastasia,Y,Bowen,F,anastasia.bowen@gmail.com,12/23/1992,4/1/2017,508-57-6611
608832,Mrs.,Sabrina,O,Fowler,F,sabrina.fowler@outlook.com,1/3/1982,7/17/2006,482-41-0998
509911,Ms.,Kirsten,Y,Lee,F,kirsten.lee@hotmail.com,10/16/1968,12/19/2014,678-22-5187
354363,Ms.,Tabatha,W,Arnold,F,tabatha.arnold@gmail.com,7/29/1976,12/1/2004,184-86-0283
344607,Mr.,Gregg,T,Mann,M,gregg.mann@verizon.net,5/15/1959,7/9/1998,415-99-7608
191963,Ms.,Deanne,H,Mccarty,F,deanne.mccarty@charter.net,1/3/1974,7/3/2012,126-98-1744
695631,Mrs.,Juanita,O,Zimmerman,F,juanita.zimmerman@hotmail.com,10/16/1974,11/18/2010,352-08-7814
547420,Mr.,Doug,V,Small,M,doug.small@hotmail.com,12/8/1991,11/19/2014,526-99-7100
403674,Dr.,Billy,R,Mcdowell,M,billy.mcdowell@gmail.com,10/6/1983,4/6/2014,696-16-7530
988937,Dr.,Boyd,L,Valencia,M,boyd.valencia@gmail.com,6/9/1987,11/16/2016,078-02-8120
937737,Mr.,Roberto,T,Caldwell,M,roberto.caldwell@gmail.com,8/12/1994,3/11/2017,087-02-8919
144235,Mr.,Kris,U,Conner,M,kris.conner@gmail.com,5/23/1962,9/20/1998,651-62-0527
866051,Ms.,Leann,R,Ortiz,F,leann.ortiz@gmail.com,2/16/1990,4/8/2011,088-02-9740
287787,Mr.,Joaquin,B,Bentley,M,joaquin.bentley@gmail.com,8/24/1961,7/28/2012,287-15-0404
316579,Mrs.,Leanne,Z,Potter,F,leanne.potter@exxonmobil.com,1/25/1989,10/16/2015,268-17-1006
625981,Mr.,Jay,R,Sanders,M,jay.sanders@gmail.com,1/5/1964,12/29/1987,168-86-3105
232661,Ms.,Luz,G,Brown,F,luz.brown@msn.com,7/6/1961,5/18/1987,420-67-7134
863522,Mr.,Dudley,W,Preston,M,dudley.preston@gmail.com,11/16/1977,3/24/2014,607-87-4655
118236,Mr.,Monroe,D,Beach,M,monroe.beach@bp.com,10/18/1987,8/26/2015,198-84-8610
412201,Ms.,Dina,Q,Jones,F,dina.jones@aol.com,8/26/1990,7/26/2013,474-55-5660
855988,Hon.,Christian,G,Morrison,M,christian.morrison@yahoo.co.in,7/8/1959,11/12/2011,572-99-7139
158689,Ms.,Lucile,L,Fleming,F,lucile.fleming@hotmail.co.uk,12/13/1966,12/9/2006,769-02-7714
737292,Mr.,Luciano,H,Ray,M,luciano.ray@btinternet.com,10/19/1991,2/22/2014,407-73-3301
596917,Mr.,Ahmad,B,Poole,M,ahmad.poole@gmail.com,6/6/1973,6/1/2016,179-86-2300
620634,Ms.,Janna,Y,Hopkins,F,janna.hopkins@aol.com,11/21/1987,12/21/2011,246-99-6712
130591,Prof.,Kendrick,V,Miles,M,kendrick.miles@ibm.com,8/10/1962,1/25/1991,323-11-2203
579618,Hon.,Demetrius,Z,Ruiz,M,demetrius.ruiz@gmail.com,12/14/1992,5/20/2015,348-08-8676
240295,Mr.,Ken,P,Winters,M,ken.winters@rediffmail.com,2/14/1995,3/31/2016,448-27-5412
846100,Mr.,Earl,O,Gilbert,M,earl.gilbert@bp.com,1/14/1973,8/26/2013,724-28-7343
431841,Ms.,Taylor,K,Barlow,F,taylor.barlow@aol.com,2/4/1965,4/18/1987,321-11-1526
520702,Ms.,Clarissa,Z,Lawson,F,clarissa.lawson@hotmail.com,6/26/1993,11/11/2015,684-24-5365
771425,Mr.,Lewis,T,Fuller,M,lewis.fuller@comcast.net,11/1/1958,12/20/2006,414-99-0664
189557,Mrs.,Claudine,Y,Black,F,claudine.black@gmail.com,5/24/1978,9/9/2015,348-08-0053
702034,Mrs.,Mitzi,Y,Lynch,F,mitzi.lynch@aol.com,8/29/1960,3/17/2005,118-98-4867
586207,Dr.,Michel,T,Finch,M,michel.finch@gmail.com,6/26/1986,3/20/2012,248-99-6030
835545,Ms.,Janie,P,Velasquez,F,janie.velasquez@gmail.com,4/19/1958,5/14/1983,237-99-2007
326407,Mrs.,Sophie,F,Bass,F,sophie.bass@hotmail.com,1/16/1990,10/13/2011,543-81-0393
414967,Mrs.,Bette,Y,Kane,F,bette.kane@gmail.com,12/30/1979,6/13/2004,468-57-2192
410300,Mrs.,Dena,Q,Blake,F,dena.blake@hotmail.com,5/26/1975,2/24/2011,610-87-0363
252371,Mr.,Dante,Q,Farmer,M,dante.farmer@aol.com,7/15/1985,8/18/2010,340-11-6672
297502,Ms.,Angelina,D,Lynn,F,angelina.lynn@rediffmail.com,3/14/1975,3/8/2007,537-71-3446
725857,Ms.,Shannon,D,Snow,F,shannon.snow@yahoo.com,11/3/1961,7/30/2014,502-37-9247
805103,Mr.,Ron,C,Glenn,M,ron.glenn@gmail.com,7/6/1993,9/14/2014,760-12-0087
641096,Mrs.,Kerry,C,Pitts,F,kerry.pitts@aol.com,5/4/1989,4/4/2017,639-29-0173
856369,Mr.,Dominick,M,Robbins,M,dominick.robbins@hotmail.com,8/19/1979,10/21/2001,395-33-8825
318571,Prof.,Emory,N,Spence,M,emory.spence@yahoo.com,5/4/1967,10/18/2004,762-12-2563
219020,Drs.,Lana,G,Spence,F,lana.spence@aol.com,7/15/1967,6/21/2009,087-02-3956
934285,Mr.,Jeremy,G,English,M,jeremy.english@gmail.com,9/11/1972,10/20/1996,564-99-1302
149763,Dr.,Dudley,N,Melton,M,dudley.melton@aol.com,4/2/1991,5/17/2013,248-99-5679
363951,Drs.,Frances,D,Stafford,F,frances.stafford@ntlworld.com,9/7/1965,7/25/1987,099-02-4447
306185,Mr.,Percy,N,Hunt,M,percy.hunt@btinternet.com,12/13/1970,11/7/2004,025-92-2759
225090,Mr.,Alfredo,H,Vasquez,M,alfredo.vasquez@bp.com,4/21/1973,10/4/2005,560-99-7135
287114,Ms.,Joanna,A,Perkins,F,joanna.perkins@aol.com,8/10/1959,9/9/1992,284-15-7682
811489,Hon.,Susanna,R,Huff,F,susanna.huff@hotmail.com,7/9/1970,5/4/2011,358-08-7991
162573,Hon.,Ola,T,Thompson,F,ola.thompson@yahoo.com,8/28/1970,8/19/2003,147-23-4311
836699,Mrs.,Louella,F,Wolfe,F,louella.wolfe@charter.net,2/19/1966,5/21/2001,574-61-8029
798859,Drs.,Deirdre,N,Travis,F,deirdre.travis@hotmail.com,4/11/1971,7/15/1998,026-92-8042
458765,Ms.,Kristina,W,Ware,F,kristina.ware@gmail.com,6/26/1981,10/18/2006,183-86-2067
562109,Mr.,Stacy,O,Dixon,M,stacy.dixon@aol.com,5/27/1963,11/30/1995,458-99-8461
947334,Mr.,Frankie,Y,Clark,M,frankie.clark@apple.com,11/19/1960,11/20/2010,046-15-2622
316995,Mrs.,Pauline,J,Gilbert,F,pauline.gilbert@yahoo.com,7/5/1996,7/22/2017,570-99-4500
798671,Mr.,Adolph,L,Skinner,M,adolph.skinner@gmail.com,9/20/1964,5/26/2008,384-37-6327
415004,Ms.,Rosa,P,Camacho,F,rosa.camacho@gmail.com,4/7/1995,5/25/2016,687-24-2091
770810,Mr.,Craig,W,Marquez,M,craig.marquez@gmail.com,6/16/1982,12/18/2004,207-84-2832
255640,Mr.,Stanley,T,Lowe,M,stanley.lowe@gmail.com,9/7/1986,11/14/2008,064-02-4325
311079,Dr.,Morgan,C,Farrell,M,morgan.farrell@gmail.com,4/17/1989,11/23/2011,136-25-6207
559421,Ms.,Reba,O,Potts,F,reba.potts@microsoft.com,4/2/1986,7/7/2011,237-99-4109
959306,Ms.,Shana,O,Gould,F,shana.gould@gmail.com,7/20/1973,8/17/2000,271-17-8858
713805,Mr.,Adam,I,Bartlett,M,adam.bartlett@aol.com,9/25/1971,6/20/2005,500-29-9319
532285,Ms.,Leann,W,Melendez,F,leann.melendez@gmail.com,11/4/1973,12/17/2007,008-94-7923
664249,Mr.,Floyd,B,Mills,M,floyd.mills@gmail.com,8/29/1983,2/2/2006,481-41-0460
339483,Mr.,Scott,Q,Carrillo,M,scott.carrillo@sbcglobal.net,1/15/1970,8/6/1991,458-99-4184
155956,Mr.,Sterling,K,Hooper,M,sterling.hooper@hotmail.com,9/19/1962,8/18/2003,167-86-0816
791119,Mr.,Damon,T,Hunt,M,damon.hunt@gmail.com,11/28/1978,11/5/2010,462-99-3472
798553,Prof.,Mauricio,A,Potts,M,mauricio.potts@yahoo.com,8/31/1986,4/15/2015,213-91-9114
981925,Ms.,Ebony,B,Eaton,F,ebony.eaton@gmail.com,7/24/1964,10/26/1999,511-33-0572
648118,Drs.,Bobbie,M,Joyner,F,bobbie.joyner@gmail.com,4/20/1971,4/19/2016,437-99-4679
278391,Ms.,Jami,N,Velasquez,F,jami.velasquez@hotmail.com,7/23/1992,8/19/2016,316-35-5631
556573,Ms.,Aisha,Z,Gentry,F,aisha.gentry@aol.com,10/31/1965,7/10/1991,180-86-5081
159472,Hon.,Moses,P,Reid,M,moses.reid@apple.com,12/22/1964,8/14/1999,424-65-3064
871770,Ms.,Monique,S,Deleon,F,monique.deleon@hotmail.com,4/9/1990,5/17/2015,513-31-6303
338556,Mr.,Domingo,S,Gibbs,M,domingo.gibbs@hotmail.com,11/7/1988,10/27/2013,546-99-2961
182719,Ms.,Tammy,D,Vincent,F,tammy.vincent@aol.com,7/13/1960,11/19/2007,082-02-5393
305556,Mr.,Federico,J,Wilson,M,federico.wilson@yahoo.com,11/16/1974,4/13/2000,445-27-4988
915507,Mr.,Kory,X,Roth,M,kory.roth@bp.com,1/18/1974,11/24/2010,386-37-5617
761381,Ms.,Nichole,Z,Lloyd,F,nichole.lloyd@shell.com,4/23/1986,12/15/2016,496-29-4801
141022,Mr.,Rodger,D,Chavez,M,rodger.chavez@outlook.com,7/10/1981,3/3/2005,061-02-4120
528086,Mr.,Bruce,Z,Carney,M,bruce.carney@hotmail.com,2/9/1974,5/7/2013,330-11-2949
177821,Mr.,Derick,N,Ferrell,M,derick.ferrell@yahoo.co.in,2/7/1975,4/5/2008,155-23-2078
740281,Ms.,Lorna,W,Henson,F,lorna.henson@outlook.com,6/9/1989,10/23/2011,146-23-6275
906797,Mr.,Rico,K,Mayo,M,rico.mayo@gmail.com,6/10/1991,11/17/2016,705-18-7358
790008,Ms.,Luann,R,Crane,F,luann.crane@gmail.com,3/26/1977,7/15/2010,101-02-1834
825433,Mrs.,Tara,H,Goodwin,F,tara.goodwin@shaw.ca,7/23/1968,11/24/2007,714-18-9674
941759,Prof.,Shaun,J,Evans,M,shaun.evans@gmail.com,4/2/1969,6/13/1990,115-98-3287
313864,Mrs.,Debbie,S,Velez,F,debbie.velez@aol.com,4/13/1963,9/29/1996,026-92-8239
978745,Mrs.,May,R,Hodge,F,may.hodge@hotmail.com,1/22/1975,1/31/2015,031-92-9813
807182,Mrs.,Adeline,R,Evans,F,adeline.evans@cox.net,8/13/1988,4/7/2016,029-92-1928
463743,Mr.,Guy,C,Gilbert,M,guy.gilbert@gmail.com,9/18/1960,7/17/1988,154-23-7518
901775,Ms.,Opal,X,Hansen,F,opal.hansen@hotmail.com,11/1/1977,5/4/2017,268-17-1925
197867,Mrs.,Robbie,C,Oconnor,F,robbie.oconnor@bellsouth.net,2/8/1993,5/30/2014,659-24-3337
423470,Mrs.,Ella,W,Craft,F,ella.craft@aol.com,2/18/1992,4/7/2017,659-24-6888
238361,Prof.,Derrick,T,Vaughn,M,derrick.vaughn@ibm.com,4/16/1965,5/6/1990,641-29-1438
596366,Mrs.,Maura,W,Cherry,F,maura.cherry@earthlink.net,5/3/1970,4/5/1996,350-08-0605
725424,Dr.,Roderick,R,Vinson,M,roderick.vinson@hotmail.com,3/3/1994,8/28/2016,516-49-2135
229037,Ms.,Gwen,T,Gilliam,F,gwen.gilliam@aol.com,1/13/1995,5/8/2016,702-18-2141
434723,Mrs.,Melanie,L,Zimmerman,F,melanie.zimmerman@aol.com,6/9/1970,1/12/1999,325-11-3291
501422,Mr.,Micah,Y,Merritt,M,micah.merritt@rediffmail.com,10/25/1983,11/27/2006,380-37-8505
638943,Mr.,Buford,D,Hobbs,M,buford.hobbs@msn.com,10/3/1975,3/15/2000,652-62-4222
935745,Mr.,Kyle,N,Farmer,M,kyle.farmer@gmail.com,11/20/1974,8/30/2015,593-99-9799
750581,Ms.,Jocelyn,U,Rojas,F,jocelyn.rojas@earthlink.net,2/4/1969,10/17/2009,122-98-2107
468128,Mr.,Larry,G,Gray,M,larry.gray@outlook.com,9/14/1993,7/31/2015,177-86-6879
884877,Mr.,Wilbur,P,Bates,M,wilbur.bates@verizon.net,7/27/1989,4/12/2012,121-98-0891
870904,Ms.,Maxine,F,Moran,F,maxine.moran@gmail.com,4/27/1968,3/25/2009,084-02-1509
926224,Ms.,Kathleen,T,Middleton,F,kathleen.middleton@yahoo.com,3/5/1979,5/20/2009,050-02-2695
220061,Prof.,Norbert,P,Joyner,M,norbert.joyner@gmail.com,4/18/1966,11/24/2008,765-27-9014
125823,Mr.,Chadwick,G,Walton,M,chadwick.walton@earthlink.net,2/17/1966,9/14/2008,496-29-1717
768943,Mrs.,Connie,O,Shaffer,F,connie.shaffer@walmart.com,8/10/1973,10/15/1999,508-57-3446
591698,Ms.,Bobbie,C,Singleton,F,bobbie.singleton@yahoo.com,1/31/1985,1/1/2011,017-94-0645
700418,Drs.,Lesley,K,Rollins,F,lesley.rollins@aol.com,3/2/1995,2/11/2017,540-83-5227
476635,Ms.,Victoria,H,Howe,F,victoria.howe@gmail.com,2/9/1968,9/1/1995,587-99-9556
785299,Mr.,Marc,F,Nixon,M,marc.nixon@gmail.com,2/20/1970,12/28/2005,251-99-1319
225139,Prof.,Elias,A,Pena,M,elias.pena@hotmail.com,3/18/1996,4/8/2017,579-53-7330
308125,Mrs.,Flossie,C,Mcpherson,F,flossie.mcpherson@gmail.com,11/18/1969,3/18/1996,705-18-7866
129426,Drs.,Lana,E,Hayes,F,lana.hayes@hotmail.com,12/17/1975,10/15/2013,231-99-5548
399192,Mr.,Nick,C,Wilcox,M,nick.wilcox@bellsouth.net,11/18/1976,9/10/2012,027-92-5366
555551,Ms.,Nona,W,Buck,F,nona.buck@outlook.com,6/9/1988,11/8/2010,654-38-4904
245059,Mr.,Abdul,K,Barnett,M,abdul.barnett@hotmail.com,3/26/1985,9/26/2011,580-41-6312
423008,Drs.,Inez,C,Kane,F,inez.kane@ntlworld.com,5/12/1985,9/11/2009,265-99-4110
316407,Drs.,Raquel,A,Bray,F,raquel.bray@hotmail.co.uk,12/9/1993,9/10/2015,628-31-5360
410027,Mr.,Sean,F,Noble,M,sean.noble@cox.net,8/17/1962,3/25/2011,557-99-1301
307715,Dr.,Fred,I,Woodward,M,fred.woodward@hotmail.com,12/23/1970,4/4/2003,715-18-1976
690117,Mr.,Sylvester,Q,Salas,M,sylvester.salas@outlook.com,9/25/1987,2/18/2016,276-17-7941
149844,Mrs.,Berta,P,Irwin,F,berta.irwin@gmail.com,1/12/1983,6/2/2012,650-62-5600
116530,Drs.,Noelle,G,Paul,F,noelle.paul@yahoo.com,2/1/1964,11/19/1988,475-55-5235
234429,Ms.,Chrystal,D,Swanson,F,chrystal.swanson@aol.com,2/25/1984,4/27/2007,584-99-3299
437970,Hon.,Reggie,R,Nolan,M,reggie.nolan@gmail.com,9/17/1989,8/5/2013,126-98-3026
766745,Hon.,Joanne,K,Melton,F,joanne.melton@verizon.net,12/19/1964,3/30/2006,265-99-9921
684446,Mr.,Bryon,J,Gardner,M,bryon.gardner@aol.com,2/23/1985,3/4/2008,482-41-1206
385932,Ms.,Noreen,M,Vincent,F,noreen.vincent@yahoo.com,9/15/1994,8/20/2016,119-98-0757
862150,Hon.,Mathew,S,Duran,M,mathew.duran@aol.com,9/6/1993,9/27/2015,681-24-3625
635915,Ms.,Herminia,I,Morin,F,herminia.morin@yahoo.com,2/24/1961,6/25/1989,481-41-6687
540696,Dr.,Luke,Y,Craft,M,luke.craft@apple.com,8/25/1984,7/26/2013,548-99-4491
870351,Mr.,Ronny,C,Long,M,ronny.long@microsoft.com,12/10/1982,11/25/2009,445-27-1852
360498,Ms.,Jeannine,E,Vaughn,F,jeannine.vaughn@aol.com,4/9/1978,4/29/2014,034-92-7282
397164,Mrs.,Silvia,F,Huff,F,silvia.huff@gmail.com,2/12/1974,1/28/2009,101-02-3793
488068,Mrs.,Margo,K,Hoffman,F,margo.hoffman@gmail.com,5/14/1985,12/21/2009,500-29-6149
890432,Mrs.,Kimberly,K,Summers,F,kimberly.summers@msn.com,12/31/1958,4/30/2006,125-98-6121
935890,Hon.,Jodie,I,Mckinney,F,jodie.mckinney@bp.com,10/16/1995,12/24/2016,337-11-9823
541867,Ms.,Lorrie,V,Leblanc,F,lorrie.leblanc@gmail.com,1/12/1968,2/13/1993,268-17-3666
885774,Dr.,Miles,Q,Giles,M,miles.giles@yahoo.com,8/3/1976,2/12/2007,067-02-8021
979649,Mr.,Jamar,Q,Castaneda,M,jamar.castaneda@yahoo.com,5/11/1982,5/22/2006,441-29-0134
599012,Mrs.,Amber,Z,Warner,F,amber.warner@hotmail.com,11/19/1957,8/6/2016,214-91-0355
204626,Prof.,Sterling,X,Patel,M,sterling.patel@aol.com,2/15/1966,11/11/2001,694-16-8263
830006,Ms.,Enid,M,Pearson,F,enid.pearson@cox.net,7/28/1972,4/24/2006,363-39-7730
127205,Mrs.,Annmarie,C,Frye,F,annmarie.frye@charter.net,6/4/1986,7/14/2013,082-02-2486
215589,Ms.,Molly,X,Roach,F,molly.roach@gmail.com,10/21/1966,10/1/2005,060-02-6264
621606,Mr.,Rogelio,P,Poole,M,rogelio.poole@exxonmobil.com,3/31/1992,7/27/2014,395-33-4076
223379,Dr.,Mathew,P,Duke,M,mathew.duke@rediffmail.com,1/17/1993,9/6/2015,115-98-3680
236366,Mr.,Lewis,Q,Ayala,M,lewis.ayala@gmail.com,11/29/1992,6/15/2016,468-57-8809
798043,Ms.,Claudette,B,Walter,F,claudette.walter@outlook.com,2/17/1984,8/4/2012,521-99-8220
811092,Ms.,Tracie,B,Delaney,F,tracie.delaney@hotmail.com,5/31/1973,5/19/2011,719-18-7122
288820,Mr.,Eric,N,Mccullough,M,eric.mccullough@gmail.com,10/17/1965,3/20/1997,208-84-0053
138351,Mr.,Nestor,J,Carney,M,nestor.carney@gmail.com,6/5/1975,12/4/1996,444-27-6764
130501,Drs.,Mitzi,P,Mueller,F,mitzi.mueller@hotmail.com,3/3/1967,4/10/2010,250-99-5174
587373,Drs.,Lillian,J,Atkinson,F,lillian.atkinson@aol.com,2/25/1993,12/26/2016,085-02-7955
750124,Mr.,Barry,A,Garner,M,barry.garner@gmail.com,12/21/1979,1/26/2014,638-29-1816
495105,Mrs.,Coleen,V,Morris,F,coleen.morris@gmail.com,11/16/1995,2/2/2017,058-02-1043
282678,Hon.,Marci,O,Alvarado,F,marci.alvarado@gmail.com,5/31/1966,9/2/2007,428-99-9355
241302,Mr.,Monty,R,Lancaster,M,monty.lancaster@walmart.com,3/18/1960,8/7/1985,759-12-6657
790290,Mr.,Norris,R,Adams,M,norris.adams@yahoo.com,10/21/1993,4/8/2016,551-99-9716
924304,Mrs.,Elvira,D,Byrd,F,elvira.byrd@gmail.com,2/7/1990,4/19/2011,552-99-8369
234880,Mr.,Keven,E,Logan,M,keven.logan@gmail.com,2/11/1989,5/10/2012,213-91-1279
443072,Mr.,Rosendo,R,Rasmussen,M,rosendo.rasmussen@earthlink.net,10/26/1978,4/29/2001,474-55-7843
232070,Mrs.,Carly,R,Leach,F,carly.leach@cox.net,1/3/1971,12/20/2013,457-99-5283
902132,Mrs.,Colleen,N,Bray,F,colleen.bray@hotmail.com,4/7/1982,7/29/2014,614-87-2498
280781,Mrs.,Ollie,G,William,F,ollie.william@verizon.net,10/19/1979,9/14/2007,542-81-4737
589440,Prof.,Hilario,B,Vang,M,hilario.vang@gmail.com,6/6/1978,4/12/2011,176-86-5658
940754,Ms.,Nadine,X,Blanchard,F,nadine.blanchard@exxonmobil.com,3/14/1978,10/29/2001,010-94-5824
888277,Prof.,Wm,C,Carroll,M,wm.carroll@gmail.com,5/16/1987,1/17/2017,114-98-9215
430202,Ms.,Minnie,B,Mckee,F,minnie.mckee@gmail.com,8/26/1995,9/23/2016,353-08-1806
928723,Mrs.,Angela,M,Compton,F,angela.compton@gmail.com,1/21/1967,12/1/2008,045-15-8779
449164,Drs.,Lillian,H,Gill,F,lillian.gill@gmail.com,7/28/1970,4/9/2000,258-99-9431
117603,Mr.,Bob,W,Weiss,M,bob.weiss@hotmail.com,10/26/1991,12/23/2012,143-23-1339
811884,Mr.,Edwin,A,Perez,M,edwin.perez@gmail.com,2/27/1992,6/11/2014,339-11-7841
463579,Mr.,Bernardo,W,Langley,M,bernardo.langley@hotmail.com,10/21/1972,8/30/2007,350-08-5414
915993,Prof.,William,K,Morrison,M,william.morrison@gmail.com,3/30/1967,10/2/2001,620-85-9976
836259,Dr.,Vance,A,Osborne,M,vance.osborne@shaw.ca,11/9/1972,6/30/2001,728-14-3717
520719,Prof.,Edmund,E,Salas,M,edmund.salas@aol.com,7/8/1959,8/16/1989,717-18-6482
409341,Mrs.,Imogene,O,Sanders,F,imogene.sanders@yahoo.com,6/3/1985,10/15/2012,681-24-8302
528576,Mr.,Darin,F,Callahan,M,darin.callahan@gmail.com,10/27/1992,4/14/2014,381-37-2114
315565,Mrs.,Loretta,M,Sawyer,F,loretta.sawyer@hotmail.com,1/23/1996,3/7/2017,069-02-8229
242740,Ms.,Olive,L,Livingston,F,olive.livingston@charter.net,2/9/1981,9/16/2002,429-99-4646
763459,Mr.,Gino,A,Mcconnell,M,gino.mcconnell@aol.com,10/8/1975,5/23/2005,691-18-9714
239010,Mr.,Fred,E,Hayes,M,fred.hayes@yahoo.com,12/17/1979,3/30/2001,241-99-6276
865905,Mr.,Nelson,O,Wilkins,M,nelson.wilkins@earthlink.net,12/12/1961,2/23/2017,592-99-8788
657908,Mrs.,Joyce,K,Hooper,F,joyce.hooper@hotmail.com,2/21/1980,7/14/2002,211-84-7533
652723,Mrs.,Juliana,W,Rowland,F,juliana.rowland@aol.com,4/7/1993,12/8/2016,104-02-6452
944699,Mr.,Norris,S,Mack,M,norris.mack@yahoo.co.in,9/18/1983,10/16/2009,011-94-3680
517283,Prof.,Tom,B,Frye,M,tom.frye@gmail.com,4/9/1976,3/18/2015,655-36-6334
176214,Mrs.,Josephine,G,Pitts,F,josephine.pitts@hotmail.com,12/29/1972,8/30/2008,285-15-3625
680485,Mr.,Les,W,Brady,M,les.brady@gmail.com,7/6/1990,12/23/2016,240-99-4848
891142,Hon.,Jaime,M,Avery,M,jaime.avery@aol.com,3/7/1967,10/28/2005,144-23-1324
810984,Mrs.,Marissa,L,Caldwell,F,marissa.caldwell@aol.com,10/3/1979,10/25/2000,560-99-3843
896022,Mr.,Lavern,X,Gardner,M,lavern.gardner@aol.com,10/19/1971,2/27/1998,385-37-9685
162773,Drs.,Evangeline,K,Mejia,F,evangeline.mejia@gmail.com,9/6/1959,1/31/2010,202-84-5766
408036,Ms.,Brandy,O,Carr,F,brandy.carr@btinternet.com,11/21/1976,9/21/2008,228-99-6983
591248,Mrs.,Molly,O,Manning,F,molly.manning@hotmail.com,6/11/1962,6/30/2004,302-15-1318
562393,Mr.,Gale,R,Perez,M,gale.perez@rediffmail.com,12/2/1964,4/10/1994,514-31-5757
808843,Mr.,Merlin,Z,Yates,M,merlin.yates@yahoo.co.uk,1/1/1991,4/4/2012,695-16-9603
645393,Prof.,Nelson,H,Mooney,M,nelson.mooney@yahoo.com,6/2/1967,7/1/1995,469-57-4220
685818,Mr.,Jackson,E,Bass,M,jackson.bass@gmail.com,3/14/1983,6/3/2013,327-11-0796
747647,Ms.,Trisha,U,Mueller,F,trisha.mueller@bp.com,6/13/1975,9/28/2006,156-23-0167
846178,Ms.,Lilia,I,Collins,F,lilia.collins@yahoo.com,6/7/1980,2/4/2004,218-89-1286
754091,Mrs.,Kimberly,R,Cantu,F,kimberly.cantu@yahoo.com,10/7/1976,10/4/2002,226-99-7374
808727,Prof.,Luciano,B,Jordan,M,luciano.jordan@aol.com,4/23/1994,3/12/2016,031-92-1343
143029,Mr.,Danny,H,Robbins,M,danny.robbins@hotmail.com,9/27/1963,2/13/1999,586-67-4518
923271,Mr.,Wilfredo,J,Richards,M,wilfredo.richards@gmail.com,12/13/1960,10/26/1985,356-08-5270
621988,Ms.,Callie,Y,Snider,F,callie.snider@yahoo.com,12/18/1989,6/25/2012,219-89-6568
240842,Mrs.,Rachelle,J,Reed,F,rachelle.reed@yahoo.co.uk,11/27/1977,4/14/2010,770-02-4059
517038,Ms.,Bobbi,M,Olson,F,bobbi.olson@hotmail.com,11/3/1963,6/5/2017,313-35-8701
456842,Mrs.,Kris,S,Richards,F,kris.richards@aol.com,2/24/1966,4/14/2011,512-33-0548
276700,Drs.,Marissa,J,Meyer,F,marissa.meyer@rediffmail.com,7/13/1958,2/28/1995,321-11-2706
510431,Mr.,Jamar,Z,Reese,M,jamar.reese@hotmail.co.uk,6/13/1965,3/26/1999,505-59-7074
451543,Ms.,Nelda,E,Webster,F,nelda.webster@gmail.com,1/16/1986,3/3/2016,368-39-5885
423508,Ms.,Carolina,F,Bruce,F,carolina.bruce@aol.com,10/6/1971,4/22/2007,156-23-5637
399486,Ms.,Terri,K,Phelps,F,terri.phelps@microsoft.com,11/23/1975,12/16/1998,280-15-2470
295933,Mr.,Nestor,L,Rosales,M,nestor.rosales@aol.com,4/5/1979,4/23/2010,027-92-0549
855670,Drs.,Adrian,L,Robles,F,adrian.robles@gmail.com,6/8/1958,10/14/1982,526-99-7519
151449,Hon.,Kyle,Y,Rios,M,kyle.rios@yahoo.co.uk,2/9/1993,11/28/2016,331-11-3592
394700,Mr.,Domingo,Y,Wilkinson,M,domingo.wilkinson@outlook.com,1/21/1985,3/12/2008,471-57-3328
328740,Mr.,Leonardo,T,Bird,M,leonardo.bird@bp.com,1/24/1974,5/26/1997,495-29-1676
924134,Dr.,Hubert,P,Zimmerman,M,hubert.zimmerman@gmail.com,3/22/1980,10/7/2009,076-02-8334
556518,Mr.,Kory,G,Frank,M,kory.frank@yahoo.co.in,8/29/1987,9/28/2010,654-38-6993
237003,Ms.,Tami,Z,Hayes,F,tami.hayes@gmail.com,12/18/1992,4/2/2016,413-99-8525
518193,Drs.,Amanda,Y,Carr,F,amanda.carr@gmail.com,5/27/1973,11/27/2009,510-33-9678
540019,Mr.,Stephen,J,Bauer,M,stephen.bauer@sbcglobal.net,6/13/1990,8/30/2013,071-02-1344
489463,Mr.,Johnie,G,Carney,M,johnie.carney@yahoo.com,6/7/1991,6/20/2015,044-15-2958
763039,Ms.,Rebekah,J,Hull,F,rebekah.hull@earthlink.net,1/25/1973,4/29/2017,240-99-2092
854365,Ms.,Kelly,G,Spence,F,kelly.spence@yahoo.co.uk,3/12/1972,4/3/1997,643-29-0812
233110,Hon.,Tracie,K,Estes,F,tracie.estes@hotmail.com,5/11/1982,4/17/2012,323-11-2842
416483,Mr.,Bennett,H,Le,M,bennett.le@gmail.com,8/8/1982,5/29/2004,524-99-8128
629763,Hon.,Vernon,V,Bass,M,vernon.bass@aol.com,10/6/1962,3/18/2013,763-12-3837
755278,Mr.,Theron,E,Sweet,M,theron.sweet@gmail.com,3/15/1995,6/14/2016,394-33-3362
471560,Mr.,Ernie,Y,Holden,M,ernie.holden@yahoo.com,11/28/1983,5/15/2013,131-98-7403
988676,Mr.,Shawn,C,Rasmussen,M,shawn.rasmussen@gmail.com,12/4/1978,7/5/2013,405-73-3684
606109,Mr.,Enrique,M,Adams,M,enrique.adams@rediffmail.com,12/14/1965,8/18/2001,332-11-4351
414129,Mr.,Ernie,H,Aguilar,M,ernie.aguilar@aol.com,8/8/1960,1/17/2001,478-43-2646
286890,Mrs.,Carolyn,S,Donaldson,F,carolyn.donaldson@gmail.com,4/29/1960,3/1/2005,579-53-2885
944811,Mrs.,Margie,S,Deleon,F,margie.deleon@sbcglobal.net,4/13/1979,8/28/2005,329-11-0331
975770,Mr.,Keven,F,Collins,M,keven.collins@gmail.com,7/12/1972,10/1/1995,294-15-0007
590955,Mr.,Bruce,Q,Colon,M,bruce.colon@microsoft.com,5/2/1972,8/25/2010,533-71-6012
565658,Mrs.,Kristen,F,Lott,F,kristen.lott@msn.com,7/6/1989,3/20/2011,763-12-5424
569664,Mr.,Howard,X,Dodson,M,howard.dodson@gmail.com,2/25/1983,2/18/2007,264-99-3310
939970,Mr.,Merle,R,Britt,M,merle.britt@aol.com,11/14/1977,6/21/2009,314-35-7956
848744,Dr.,Hector,D,Bradley,M,hector.bradley@yahoo.com,10/9/1988,1/5/2013,657-36-7842
452230,Mr.,Darnell,D,Spencer,M,darnell.spencer@aol.com,9/13/1969,8/11/1999,712-18-4439
930129,Ms.,Janelle,Z,William,F,janelle.william@hotmail.com,2/23/1971,10/11/2004,250-99-7390
909139,Ms.,Eula,H,Atkinson,F,eula.atkinson@hotmail.com,5/6/1963,2/16/2012,699-16-1135
678436,Hon.,Theresa,M,Bender,F,theresa.bender@gmail.com,2/27/1959,2/27/1982,632-31-4546
196011,Ms.,Kimberley,C,Jacobson,F,kimberley.jacobson@gmail.com,10/1/1989,10/20/2010,064-02-7631
666886,Mrs.,Angelita,J,Reyes,F,angelita.reyes@shaw.ca,6/16/1963,1/30/1987,384-37-1874
572348,Ms.,Selma,L,Floyd,F,selma.floyd@hotmail.com,9/30/1993,11/26/2015,132-98-3258
846144,Mrs.,Edna,B,Paul,F,edna.paul@yahoo.com,1/8/1960,8/22/1989,701-18-9565
665326,Dr.,Dewayne,N,Sheppard,M,dewayne.sheppard@gmail.com,11/12/1958,5/21/2003,174-86-5982
119399,Prof.,Gale,C,Rodriquez,M,gale.rodriquez@ibm.com,5/25/1961,5/23/1995,092-02-5594
744539,Mrs.,Cora,J,Blackburn,F,cora.blackburn@gmail.com,12/24/1963,11/7/2013,203-84-3823
518154,Drs.,Annmarie,D,Roth,F,annmarie.roth@outlook.com,10/16/1980,2/22/2006,026-92-8374
416872,Mr.,Owen,Y,Lopez,M,owen.lopez@hotmail.co.uk,11/10/1976,5/26/2017,399-31-8754
339806,Ms.,Chrystal,Z,Pittman,F,chrystal.pittman@gmail.com,11/20/1966,3/23/2009,373-37-1916
991522,Hon.,Thurman,R,Daniel,M,thurman.daniel@gmail.com,4/14/1969,11/18/2001,117-98-3109
830373,Mr.,Darnell,Q,Hoffman,M,darnell.hoffman@rediffmail.com,4/17/1982,2/25/2013,506-57-3479
987377,Hon.,Raymundo,J,Sims,M,raymundo.sims@aol.com,11/27/1963,8/14/2009,348-08-8490
551251,Mr.,Frederick,H,Graham,M,frederick.graham@aol.com,12/22/1962,4/26/2015,039-74-3734
143864,Ms.,Natalie,P,Marshall,F,natalie.marshall@outlook.com,12/24/1973,3/25/2001,465-99-7174
679990,Mr.,Thad,R,Franklin,M,thad.franklin@charter.net,2/24/1994,11/2/2016,695-16-9414
851939,Drs.,Belinda,Y,Trujillo,F,belinda.trujillo@btinternet.com,10/19/1991,1/23/2017,651-62-6017
272885,Ms.,Rosanna,P,Chase,F,rosanna.chase@yahoo.com,4/12/1972,12/22/2011,230-99-8474
588553,Ms.,Wilda,I,Rios,F,wilda.rios@yahoo.com,11/4/1986,6/3/2010,206-84-2861
739367,Drs.,Alyssa,P,Marquez,F,alyssa.marquez@gmail.com,5/26/1978,7/7/2012,353-08-7747
271247,Mrs.,Liz,E,Barry,F,liz.barry@gmail.com,9/2/1991,8/26/2013,698-16-5440
778200,Mr.,Mariano,D,Lloyd,M,mariano.lloyd@aol.com,8/2/1959,11/16/1996,648-58-3097
338449,Prof.,Forest,L,Moss,M,forest.moss@yahoo.com,8/29/1963,5/13/1994,469-57-2790
581042,Mr.,Gino,K,Sullivan,M,gino.sullivan@exxonmobil.com,11/20/1965,2/2/2014,452-99-2078
138800,Prof.,Jarred,T,Bernard,M,jarred.bernard@hotmail.com,5/1/1968,4/24/2012,117-98-9147
553362,Mr.,Preston,X,Floyd,M,preston.floyd@bellsouth.net,3/21/1968,5/5/1992,321-11-9089
435055,Mr.,Clinton,W,Farley,M,clinton.farley@sbcglobal.net,8/19/1982,5/31/2015,750-20-0365
469392,Mrs.,Dana,A,Hill,F,dana.hill@gmail.com,11/5/1958,6/29/1999,137-25-3034
161467,Mr.,Odell,G,Bryan,M,odell.bryan@yahoo.co.in,10/20/1980,8/4/2012,321-11-2808
755543,Drs.,Tameka,N,Atkinson,F,tameka.atkinson@hotmail.com,8/30/1983,10/12/2009,596-94-7472
129077,Mr.,Dominique,Z,Moreno,M,dominique.moreno@aol.com,1/8/1991,8/26/2014,370-37-4770
707856,Mr.,Abraham,H,Mayo,M,abraham.mayo@ibm.com,5/3/1989,1/31/2015,527-99-3279
817818,Mr.,Augustus,V,Hines,M,augustus.hines@yahoo.com,11/27/1966,11/13/1990,721-18-0372
226811,Hon.,Rene,X,Burks,M,rene.burks@rediffmail.com,1/1/1992,12/24/2016,642-29-3799
283199,Mr.,Christian,V,Acevedo,M,christian.acevedo@outlook.com,7/21/1980,9/16/2006,134-98-5971
319493,Mr.,Major,X,Lucas,M,major.lucas@gmail.com,11/9/1982,2/9/2011,145-23-2504
205347,Ms.,Frieda,Z,Hebert,F,frieda.hebert@ntlworld.com,8/23/1957,6/11/1985,209-84-9070
508019,Ms.,Rachael,S,Newman,F,rachael.newman@gmail.com,6/12/1960,7/11/2001,443-27-3150
774862,Ms.,Bernadine,S,Joseph,F,bernadine.joseph@gmail.com,12/1/1967,3/3/2006,667-48-9716
394200,Mrs.,Deanna,P,Mccoy,F,deanna.mccoy@yahoo.com,9/8/1972,6/27/1995,248-99-2433
887692,Mr.,Joseph,B,Tucker,M,joseph.tucker@bp.com,10/3/1979,8/22/2006,232-57-4416
408248,Hon.,Antwan,L,Richardson,M,antwan.richardson@hotmail.com,9/29/1973,7/15/2004,058-02-5142
787931,Hon.,Harrison,D,Ortega,M,harrison.ortega@exxonmobil.com,4/13/1975,7/27/1998,232-57-2534
547050,Mr.,Dylan,T,Cantu,M,dylan.cantu@aol.com,7/1/1963,12/25/1998,264-99-1821
964084,Mr.,Winston,J,Hewitt,M,winston.hewitt@bp.com,4/11/1958,8/14/2013,213-91-5204
574256,Mrs.,Serena,F,Marshall,F,serena.marshall@yahoo.com,11/1/1980,5/1/2016,367-39-8919
215473,Ms.,Maryann,V,Vance,F,maryann.vance@sbcglobal.net,11/2/1971,6/8/2010,765-27-6732
932175,Ms.,Roxie,E,Mckay,F,roxie.mckay@gmail.com,10/14/1989,11/25/2013,084-02-1453
472119,Dr.,Sonny,F,Morin,M,sonny.morin@gmail.com,11/19/1969,11/15/2001,591-99-8508
282137,Mr.,Eduardo,Q,Burnett,M,eduardo.burnett@gmail.com,3/30/1970,2/27/2002,072-02-8158
395867,Mrs.,Marietta,X,Watson,F,marietta.watson@gmail.com,3/25/1971,1/31/2014,233-57-5403
923329,Ms.,Nettie,A,Preston,F,nettie.preston@gmail.com,6/26/1979,9/15/2003,029-92-9147
901654,Mr.,Sandy,P,Gillespie,M,sandy.gillespie@yahoo.com,7/21/1989,10/21/2012,558-99-4685
673438,Dr.,Christopher,Z,Peters,M,christopher.peters@exxonmobil.com,7/24/1989,10/17/2015,182-86-6068
626693,Ms.,Felicia,S,Gilmore,F,felicia.gilmore@gmail.com,2/4/1973,2/26/1996,368-39-7418
683325,Dr.,Tyler,E,Mercado,M,tyler.mercado@gmail.com,4/23/1968,12/4/1999,122-98-4753
486465,Ms.,Arline,N,Campbell,F,arline.campbell@gmail.com,12/28/1987,4/6/2012,321-11-2373
213493,Mrs.,Margo,N,Daniels,F,margo.daniels@gmail.com,1/26/1970,10/14/2009,295-15-0387
234177,Dr.,Kareem,O,Jimenez,M,kareem.jimenez@gmail.com,7/23/1982,6/29/2010,453-99-2431
289041,Mrs.,Nanette,P,Lee,F,nanette.lee@aol.com,5/13/1963,9/14/2016,085-02-5150
384810,Drs.,Myra,L,Franco,F,myra.franco@hotmail.com,2/11/1990,3/25/2012,344-11-3491
149750,Mr.,Luther,D,Harrell,M,luther.harrell@hotmail.com,1/28/1980,12/1/2009,063-02-8385
864858,Mr.,Ramon,S,Campbell,M,ramon.campbell@walmart.com,9/22/1990,4/12/2013,418-67-5876
856418,Mrs.,Sallie,J,Huffman,F,sallie.huffman@walmart.com,8/11/1962,4/30/2005,079-02-9248
415537,Hon.,Shirley,Z,Herrera,F,shirley.herrera@gmail.com,8/4/1977,2/28/2010,596-94-8238
414557,Dr.,Corey,J,Harrell,M,corey.harrell@yahoo.com,7/23/1971,5/16/2003,730-28-1866
999475,Ms.,Carrie,T,Keller,F,carrie.keller@gmail.com,3/12/1994,7/31/2015,083-02-3969
554345,Ms.,Ofelia,J,Rivers,F,ofelia.rivers@gmail.com,5/14/1974,7/14/2000,714-18-2991
349751,Mr.,Shelton,V,Harrison,M,shelton.harrison@yahoo.com,4/20/1986,9/3/2011,560-99-0098
194598,Ms.,Carlene,I,Bernard,F,carlene.bernard@aol.com,7/21/1994,8/17/2015,576-99-2162
466860,Ms.,Earline,G,Cherry,F,earline.cherry@bp.com,7/19/1975,4/4/1997,659-24-8706
618554,Mrs.,Kitty,U,Mathis,F,kitty.mathis@gmail.com,11/2/1958,10/26/1991,033-92-4352
535812,Mrs.,Lavonne,B,Carney,F,lavonne.carney@bp.com,11/24/1969,5/2/2009,711-18-0831
500345,Mrs.,Reyna,J,Marks,F,reyna.marks@hotmail.com,10/10/1982,3/13/2017,227-99-5136
735598,Hon.,Preston,M,Perez,M,preston.perez@yahoo.com,10/30/1961,10/29/1992,215-91-2868
921061,Mr.,Isaac,P,Cochran,M,isaac.cochran@charter.net,7/14/1964,8/25/2006,302-15-8335
968785,Mr.,Noe,K,Clay,M,noe.clay@bellsouth.net,3/22/1975,8/11/2002,297-15-5482
735499,Ms.,Callie,J,Cohen,F,callie.cohen@aol.com,12/25/1967,10/19/1996,389-33-6184
983480,Mr.,Elliott,P,Marks,M,elliott.marks@aol.com,1/29/1966,1/5/2000,470-57-5011
206279,Ms.,Georgina,F,Lamb,F,georgina.lamb@gmail.com,11/9/1991,4/12/2016,459-99-1978
582100,Mr.,Frances,D,May,M,frances.may@rediffmail.com,11/20/1966,12/21/2001,318-11-7376
821988,Mr.,Marc,Y,Hurley,M,marc.hurley@gmail.com,7/21/1982,12/13/2016,304-37-5234
611384,Mr.,Nathaniel,V,Bates,M,nathaniel.bates@exxonmobil.com,11/2/1967,9/20/2003,025-92-4479
993792,Mr.,Colby,O,Holder,M,colby.holder@walmart.com,8/8/1973,1/6/1999,640-29-9347
316999,Mrs.,Dee,W,Love,F,dee.love@ibm.com,9/21/1963,7/2/1993,541-83-3120
880526,Hon.,Willie,M,Gibson,M,willie.gibson@gmail.com,1/9/1962,8/1/1999,065-02-1744
201612,Drs.,Alison,G,Walsh,F,alison.walsh@btinternet.com,8/12/1971,8/20/2010,364-39-6393
481137,Ms.,Gena,L,Holman,F,gena.holman@ntlworld.com,5/5/1989,6/18/2013,684-24-6541
191985,Ms.,Tammy,X,Casey,F,tammy.casey@gmail.com,4/14/1980,3/19/2002,221-13-7601
244500,Ms.,Shirley,L,Waller,F,shirley.waller@walmart.com,6/24/1959,2/10/1990,571-99-9701
920668,Mrs.,Joanna,L,Poole,F,joanna.poole@bellsouth.net,5/25/1987,6/9/2015,596-94-6656
335470,Mrs.,Amber,Z,Mendoza,F,amber.mendoza@gmail.com,2/5/1973,9/5/1994,119-98-6689
150036,Mrs.,Lourdes,O,Hull,F,lourdes.hull@hotmail.com,5/27/1968,11/16/1990,392-33-8988
251640,Mrs.,Kim,D,England,F,kim.england@gmail.com,2/18/1970,6/25/1995,540-83-2628
588702,Ms.,Haley,O,Maddox,F,haley.maddox@gmail.com,3/13/1972,6/25/2004,478-43-6952
707453,Mr.,Rory,F,Atkins,M,rory.atkins@gmail.com,9/5/1966,3/19/1995,422-67-4954
239168,Drs.,Kathrine,Z,Whitaker,F,kathrine.whitaker@yahoo.com,7/30/1992,9/21/2016,083-02-3732
146790,Hon.,Lou,M,Buckner,F,lou.buckner@gmail.com,10/29/1989,11/29/2010,263-99-8576
637843,Ms.,Karla,W,Barrera,F,karla.barrera@gmail.com,6/16/1966,5/12/1993,376-37-9748
689587,Ms.,Ava,M,Kane,F,ava.kane@aol.com,4/10/1983,3/24/2012,518-89-3528
126316,Mrs.,Roseann,A,Riley,F,roseann.riley@aol.com,8/17/1976,2/22/2010,084-02-1565
318026,Ms.,Elizabeth,H,Fernandez,F,elizabeth.fernandez@gmail.com,7/4/1995,7/31/2016,109-98-5127
848311,Mrs.,Flora,B,Decker,F,flora.decker@aol.com,8/20/1957,6/22/1995,561-99-3291
774548,Ms.,Shannon,I,Parker,F,shannon.parker@yahoo.com,12/17/1987,2/13/2011,521-99-6632
611233,Ms.,James,K,Cain,F,james.cain@gmail.com,1/4/1996,2/22/2017,697-16-0497
421652,Mr.,Craig,N,Roberts,M,craig.roberts@yahoo.co.uk,9/26/1964,10/22/2004,510-33-4397
528969,Hon.,Celina,H,Huffman,F,celina.huffman@aol.com,8/25/1977,9/15/2002,433-99-6609
202408,Ms.,Jimmie,F,Burnett,F,jimmie.burnett@microsoft.com,2/23/1995,1/1/2017,238-99-5525
918148,Mrs.,Faye,J,Barrett,F,faye.barrett@sbcglobal.net,7/2/1985,11/14/2008,218-89-1824
396091,Ms.,Gena,A,Bradley,F,gena.bradley@gmail.com,2/17/1973,10/6/1999,466-99-8029
808996,Mr.,Deandre,C,Good,M,deandre.good@aol.com,6/13/1966,6/29/2007,010-94-4511
752301,Mr.,Garland,H,Ayers,M,garland.ayers@ibm.com,2/15/1971,2/27/2011,683-24-3490
654102,Mr.,Jerrod,C,Bell,M,jerrod.bell@yahoo.com,7/20/1992,11/15/2014,217-89-5121
809104,Mr.,Alexis,I,Holland,M,alexis.holland@aol.com,12/25/1979,8/17/2011,556-99-2203
929548,Mrs.,Deidre,V,Barrett,F,deidre.barrett@yahoo.com,5/28/1986,4/24/2012,717-18-2589
978535,Mr.,Fred,G,Hoffman,M,fred.hoffman@microsoft.com,7/1/1970,2/10/2017,300-15-0846
211729,Mrs.,Effie,X,Santana,F,effie.santana@yahoo.com,11/25/1962,8/2/1993,270-17-3244
760573,Hon.,Juliette,Y,Mosley,F,juliette.mosley@hotmail.com,9/2/1964,1/11/2014,664-22-2625
979873,Ms.,Susan,E,Schwartz,F,susan.schwartz@gmail.com,12/11/1968,4/15/2002,081-02-2214
446702,Mr.,Richie,V,Downs,M,richie.downs@cox.net,10/12/1960,10/2/1992,249-99-9939
505362,Mr.,Winston,I,Griffin,M,winston.griffin@gmail.com,12/6/1993,2/25/2015,196-84-7330
451940,Mr.,Sammy,N,Mills,M,sammy.mills@yahoo.com,2/26/1985,5/22/2006,012-94-9533
411196,Ms.,Gracie,C,Mosley,F,gracie.mosley@yahoo.co.uk,11/29/1967,1/17/2015,043-15-5539
636457,Mr.,Manuel,D,Bentley,M,manuel.bentley@yahoo.com,10/25/1958,10/5/2014,612-87-0154
262702,Mr.,Roberto,O,Hogan,M,roberto.hogan@aol.com,5/24/1964,9/6/2003,095-02-1801
422323,Mrs.,Wilma,U,Gray,F,wilma.gray@gmail.com,7/31/1963,2/23/2002,129-98-2701
328389,Mr.,Roderick,T,Perry,M,roderick.perry@gmail.com,2/27/1984,1/9/2009,156-23-0500
733184,Hon.,Mayra,L,Bowen,F,mayra.bowen@gmail.com,4/22/1972,5/20/2011,437-99-2897
649821,Mr.,Andres,G,Alexander,M,andres.alexander@yahoo.com,8/21/1982,12/23/2015,303-37-9353
117956,Mr.,Quentin,B,Carney,M,quentin.carney@gmail.com,8/5/1978,3/12/2015,378-37-6428
670526,Mrs.,Adrian,W,Dunlap,F,adrian.dunlap@hotmail.com,1/16/1985,8/26/2013,619-87-5812
752997,Hon.,Lelia,H,Sawyer,F,lelia.sawyer@gmail.com,5/5/1980,7/18/2015,695-16-6612
340599,Mr.,Tad,K,Patrick,M,tad.patrick@yahoo.co.in,5/7/1977,11/24/1998,677-22-5970
239415,Mrs.,Pansy,V,Macdonald,F,pansy.macdonald@gmail.com,1/19/1973,10/28/2015,176-86-4548
280326,Mr.,Agustin,J,Gentry,M,agustin.gentry@aol.com,11/27/1962,6/16/1985,002-11-5972
445516,Mr.,Riley,R,Conley,M,riley.conley@gmail.com,11/6/1991,6/10/2013,575-99-1775
586177,Mr.,Bernard,N,Leach,M,bernard.leach@sbcglobal.net,11/18/1989,12/28/2012,569-99-5915
866614,Hon.,Lonnie,S,Gonzales,M,lonnie.gonzales@aol.com,5/12/1968,2/11/2005,525-99-5425
751376,Mr.,Courtney,G,Barnes,M,courtney.barnes@ntlworld.com,7/3/1993,12/1/2014,516-49-6258
196645,Mrs.,Eliza,R,Odonnell,F,eliza.odonnell@msn.com,2/15/1987,1/18/2013,445-27-5887
728839,Mr.,Jody,D,Mejia,M,jody.mejia@verizon.net,11/22/1959,9/1/2013,355-08-6730
694921,Ms.,Pam,L,Stuart,F,pam.stuart@gmail.com,1/20/1967,2/28/1990,234-57-6955
719798,Mr.,Trevor,M,Romero,M,trevor.romero@gmail.com,9/9/1982,3/12/2013,496-29-7731
375797,Ms.,Tamara,Z,Perez,F,tamara.perez@aol.com,4/25/1976,12/30/2012,383-37-8487
160350,Ms.,Bonita,N,Dixon,F,bonita.dixon@gmail.com,9/2/1978,10/24/2003,661-22-4242
937931,Mr.,Raphael,O,Durham,M,raphael.durham@bp.com,4/8/1972,11/7/2010,446-27-1565
155916,Mrs.,Rosanne,M,Mendoza,F,rosanne.mendoza@shell.com,9/22/1958,1/11/1980,420-67-2231
905335,Ms.,Ola,E,Hays,F,ola.hays@exxonmobil.com,12/2/1979,5/16/2014,143-23-6142
502509,Ms.,Genevieve,P,Finley,F,genevieve.finley@charter.net,11/7/1957,5/18/2003,118-98-7557
563580,Mr.,Lamont,Q,Albert,M,lamont.albert@yahoo.com,4/9/1968,8/20/1995,105-02-1211
433698,Ms.,Margie,R,Vincent,F,margie.vincent@ibm.com,11/4/1974,12/22/2006,653-60-7379
163351,Mr.,Terrell,V,Sears,M,terrell.sears@yahoo.co.uk,4/27/1970,10/31/1997,704-18-7450
898816,Ms.,Edna,E,Riddle,F,edna.riddle@walmart.com,9/20/1960,10/21/2007,625-85-4062
641368,Mr.,Lindsey,O,Griffin,M,lindsey.griffin@gmail.com,11/26/1978,2/27/2004,507-57-2384
177982,Ms.,Lorrie,G,Sears,F,lorrie.sears@gmail.com,10/27/1972,1/16/1998,672-48-1581
330889,Prof.,Denver,C,Mays,M,denver.mays@charter.net,3/26/1969,7/4/2015,445-27-8040
639474,Ms.,Daisy,I,Giles,F,daisy.giles@yahoo.ca,10/30/1987,4/29/2017,575-99-4427
911800,Ms.,Esperanza,I,Wade,F,esperanza.wade@gmail.com,2/26/1970,8/28/2014,732-28-1105
222807,Drs.,Janice,J,Berg,F,janice.berg@gmail.com,5/25/1958,11/6/1981,598-92-9018
516945,Mrs.,Helene,M,Gallegos,F,helene.gallegos@gmail.com,3/28/1989,12/3/2012,485-41-5575
230829,Hon.,Rosario,F,Tyson,F,rosario.tyson@gmail.com,6/25/1996,6/25/2017,125-98-7601
133610,Hon.,Teresa,X,Bowen,F,teresa.bowen@ibm.com,8/2/1986,12/24/2009,705-18-7923
791967,Mrs.,Janna,J,Joseph,F,janna.joseph@gmail.com,9/29/1981,9/26/2014,448-27-4658
772354,Ms.,Erika,U,Myers,F,erika.myers@gmail.com,4/26/1975,12/13/2002,110-98-4746
909265,Mr.,Mohamed,X,Fitzgerald,M,mohamed.fitzgerald@aol.com,3/24/1959,2/20/2013,444-27-5816
208763,Hon.,Mohammad,F,Downs,M,mohammad.downs@gmail.com,11/28/1975,10/31/2013,407-73-2925
679572,Mr.,Felipe,I,Vance,M,felipe.vance@gmail.com,2/15/1962,6/18/1987,098-02-9248
992569,Dr.,Rusty,K,Moran,M,rusty.moran@aol.com,3/29/1980,6/16/2004,574-61-2278
821754,Mrs.,Kirsten,T,Wolf,F,kirsten.wolf@aol.com,4/5/1961,11/9/1985,703-18-9584
751897,Mrs.,Mercedes,T,Glass,F,mercedes.glass@ntlworld.com,5/29/1964,8/24/1988,657-36-0722
208375,Ms.,Kenya,A,Merrill,F,kenya.merrill@apple.com,3/1/1980,3/31/2006,082-02-4317
931551,Mr.,Laurence,Y,Camacho,M,laurence.camacho@gmail.com,3/10/1989,2/1/2015,559-99-1925
317525,Ms.,Shirley,Q,Potter,F,shirley.potter@yahoo.ca,1/31/1986,3/17/2013,332-11-2702
993099,Mr.,Ricky,Z,Snider,M,ricky.snider@gmail.com,6/29/1959,2/12/1981,066-02-5461
854776,Hon.,Jerry,X,Jacobs,F,jerry.jacobs@gmail.com,7/28/1985,8/18/2014,042-15-7172
437878,Ms.,Melva,U,Payne,F,melva.payne@bellsouth.net,3/12/1978,3/13/2000,691-18-9471
350842,Mr.,Josef,V,Lamb,M,josef.lamb@gmail.com,12/16/1973,8/5/2004,519-87-7241
125134,Mrs.,Ellen,L,Bird,F,ellen.bird@sbcglobal.net,3/1/1969,7/7/2002,353-08-5818
651597,Ms.,Lydia,M,Lindsey,F,lydia.lindsey@comcast.net,7/1/1972,9/28/2001,271-17-5906
801970,Ms.,Becky,H,Bolton,F,becky.bolton@gmail.com,8/18/1972,8/27/2015,548-99-7738
217117,Drs.,Edna,X,Petersen,F,edna.petersen@gmail.com,4/29/1958,7/7/2000,470-57-8559
539548,Hon.,Yong,V,Poole,M,yong.poole@sbcglobal.net,7/26/1982,11/26/2013,271-17-0003
479754,Drs.,Shannon,V,Singleton,F,shannon.singleton@yahoo.co.in,1/27/1960,3/23/1987,188-86-4391
992197,Mr.,Benny,Y,Smith,M,benny.smith@gmail.com,9/22/1988,9/13/2013,153-23-1572
844571,Hon.,Rhea,X,Faulkner,F,rhea.faulkner@charter.net,5/9/1968,8/12/1995,377-37-0296
618339,Mr.,Tracy,G,Sparks,M,tracy.sparks@hotmail.co.uk,6/7/1989,8/18/2011,170-86-0752
804360,Mr.,Wilburn,O,Atkins,M,wilburn.atkins@btinternet.com,11/25/1972,3/25/2013,594-99-7280
335435,Mr.,Frank,Y,Larson,M,frank.larson@charter.net,2/15/1975,12/11/2001,757-12-2852
308129,Mr.,Barton,U,Mullen,M,barton.mullen@apple.com,6/30/1970,11/11/2004,708-18-9367
192292,Dr.,Max,D,Barrera,M,max.barrera@shell.com,8/19/1960,2/3/1999,454-99-0338
410844,Mr.,Eliseo,Q,Wilkerson,M,eliseo.wilkerson@hotmail.com,8/12/1982,2/27/2017,668-48-5007
530958,Mrs.,Lynne,Y,Vinson,F,lynne.vinson@hotmail.com,3/30/1988,4/25/2012,196-84-5490
232194,Ms.,Maude,F,Jackson,F,maude.jackson@sbcglobal.net,11/28/1965,7/29/2012,684-24-0976
888196,Mrs.,Kathryn,U,Sargent,F,kathryn.sargent@aol.com,7/25/1984,3/5/2010,098-02-5561
696612,Hon.,Dan,A,William,M,dan.william@gmail.com,4/22/1966,4/19/2014,230-99-8788
775434,Ms.,Tanisha,A,Lester,F,tanisha.lester@ibm.com,12/11/1977,12/7/2001,649-56-0430
860093,Mrs.,Kitty,L,Clay,F,kitty.clay@yahoo.ca,12/25/1970,1/24/2003,522-99-3601
476072,Hon.,Kent,U,Jackson,M,kent.jackson@exxonmobil.com,11/5/1974,2/21/1996,414-99-2756
407160,Ms.,Ashlee,A,Gardner,F,ashlee.gardner@gmail.com,1/13/1965,2/8/2015,491-29-5620
221262,Hon.,Felecia,B,Sparks,F,felecia.sparks@gmail.com,11/21/1962,10/8/2007,148-23-0643
790187,Mr.,Horace,N,Rasmussen,M,horace.rasmussen@gmail.com,11/11/1958,8/15/2012,726-18-4007
771945,Mr.,Rickie,J,Gilmore,M,rickie.gilmore@gmail.com,8/17/1962,10/19/1999,512-33-2786
372188,Ms.,Maria,F,Chavez,F,maria.chavez@gmail.com,5/10/1986,5/9/2017,265-99-3283
657125,Mrs.,Michael,C,West,F,michael.west@aol.com,2/9/1972,12/7/1999,186-86-6135
489761,Ms.,Paula,T,Pacheco,F,paula.pacheco@rediffmail.com,11/15/1995,3/30/2017,522-99-2237
651738,Mr.,Rick,V,Sawyer,M,rick.sawyer@earthlink.net,3/9/1960,1/27/1993,335-11-6046
463929,Mr.,Ramiro,N,Rojas,M,ramiro.rojas@ntlworld.com,11/2/1984,7/6/2006,537-71-5334
521878,Dr.,Benny,G,Stephenson,M,benny.stephenson@apple.com,7/4/1986,12/23/2015,466-99-8942
697802,Ms.,Beryl,K,Nelson,F,beryl.nelson@gmail.com,3/2/1988,7/17/2010,176-86-6616
842936,Ms.,Bernice,T,Conrad,F,bernice.conrad@aol.com,5/29/1980,8/2/2002,650-62-7464
333260,Mr.,Bud,M,Knowles,M,bud.knowles@hotmail.com,7/7/1959,10/27/2007,648-58-6115
696218,Mrs.,Anita,Q,Pratt,F,anita.pratt@gmail.com,5/17/1958,1/21/2001,378-37-8132
161109,Hon.,Kareem,R,Fuentes,M,kareem.fuentes@hotmail.com,1/22/1974,10/21/2001,183-86-8752
938475,Mr.,Curtis,V,Hoover,M,curtis.hoover@gmail.com,4/28/1978,9/11/2011,031-92-1499
368041,Ms.,Tamika,W,Rosa,F,tamika.rosa@walmart.com,5/10/1973,10/25/2009,581-99-5749
738794,Mr.,Carmelo,S,Scott,M,carmelo.scott@yahoo.co.uk,10/9/1986,1/12/2011,500-29-4804
703738,Drs.,Rebecca,W,Moon,F,rebecca.moon@rediffmail.com,8/6/1987,12/26/2015,574-61-8531
188409,Ms.,Pearlie,M,Bryant,F,pearlie.bryant@gmail.com,7/9/1987,12/31/2008,129-98-7137
206997,Mr.,Donovan,P,Russo,M,donovan.russo@hotmail.com,11/22/1977,4/26/2000,191-86-5137
677871,Mr.,Robt,R,Ramsey,M,robt.ramsey@comcast.net,3/24/1986,6/20/2009,366-39-7086
963113,Mrs.,Lacy,V,Rowe,F,lacy.rowe@gmail.com,2/12/1961,10/8/1997,115-98-9122
291577,Mrs.,Rosemary,K,Vaughn,F,rosemary.vaughn@aol.com,9/24/1983,1/24/2012,426-99-2901
142501,Dr.,Lon,R,Martin,M,lon.martin@hotmail.co.uk,8/5/1988,10/24/2011,759-12-0967
358556,Ms.,Grace,H,Dejesus,F,grace.dejesus@yahoo.co.uk,1/25/1979,2/1/2000,705-18-5141
126137,Dr.,Felix,S,Haynes,M,felix.haynes@aol.com,8/12/1978,1/13/2003,085-02-1977
409492,Drs.,Beatriz,L,Pugh,F,beatriz.pugh@aol.com,4/12/1982,2/13/2011,455-99-1842
967793,Ms.,Louisa,N,Wallace,F,louisa.wallace@shaw.ca,6/11/1987,11/19/2009,350-08-0701
790017,Prof.,Aubrey,A,Myers,M,aubrey.myers@hotmail.com,12/27/1958,3/15/2005,431-99-6161
998638,Ms.,Reyna,Y,Mccoy,F,reyna.mccoy@hotmail.com,5/22/1983,9/21/2016,540-83-1826
402452,Dr.,Rusty,U,Fletcher,M,rusty.fletcher@gmail.com,8/9/1979,7/8/2013,582-99-6542
490868,Prof.,Houston,R,Morris,M,houston.morris@verizon.net,5/19/1981,10/2/2012,032-92-7588
381597,Hon.,Edwardo,C,Stone,M,edwardo.stone@gmail.com,7/5/1988,11/13/2016,413-99-9368
852587,Prof.,Clifton,H,Langley,M,clifton.langley@verizon.net,6/7/1992,1/7/2017,256-99-1681
732315,Drs.,Amparo,I,Campos,F,amparo.campos@gmail.com,10/4/1972,1/10/2016,481-41-4117
937260,Mrs.,Martha,O,Schmidt,F,martha.schmidt@aol.com,11/2/1982,3/28/2009,696-16-5657
290034,Mrs.,Charmaine,D,Hawkins,F,charmaine.hawkins@yahoo.com,8/7/1984,12/31/2012,472-57-1020
273325,Ms.,Jayne,L,Thomas,F,jayne.thomas@hotmail.com,1/9/1960,3/5/1981,555-99-7837
809726,Dr.,Bryce,I,Cox,M,bryce.cox@gmail.com,11/20/1978,4/24/2004,672-48-1213
575035,Mrs.,Beatrice,M,Lawson,F,beatrice.lawson@hotmail.com,3/26/1990,1/8/2017,095-02-4716
211129,Mr.,Alphonse,X,Torres,M,alphonse.torres@btinternet.com,1/7/1972,5/26/2002,096-02-9399
673451,Drs.,Rae,R,Peck,F,rae.peck@gmail.com,1/23/1992,3/15/2016,765-27-4869
230226,Ms.,Dona,F,Maxwell,F,dona.maxwell@gmail.com,10/9/1976,6/11/2014,212-91-9003
673126,Dr.,David,D,Meyer,M,david.meyer@shaw.ca,6/27/1968,11/7/2001,414-99-5357
615857,Drs.,Clara,H,Harrington,F,clara.harrington@gmail.com,11/15/1985,11/17/2006,006-11-9826
251151,Dr.,Harlan,V,Vaughan,M,harlan.vaughan@bp.com,10/29/1975,4/30/1999,403-73-0634
232585,Ms.,Wanda,X,Lester,F,wanda.lester@gmail.com,4/15/1965,6/30/1995,507-57-8199
237448,Drs.,Keri,Y,Buchanan,F,keri.buchanan@hotmail.co.uk,6/16/1985,4/9/2009,690-22-3952
764254,Mr.,Wilfred,R,Charles,M,wilfred.charles@btinternet.com,3/13/1974,1/25/2017,601-99-9648
837427,Mr.,Lynn,M,Howe,M,lynn.howe@gmail.com,3/19/1989,12/16/2015,097-02-1269
934912,Hon.,Faye,Y,Mercer,F,faye.mercer@yahoo.com,11/25/1982,12/1/2005,014-94-4040
747004,Mr.,Bennie,D,Melendez,M,bennie.melendez@yahoo.com,7/23/1958,7/9/1987,596-94-7653
497086,Mr.,Scotty,H,Ellis,M,scotty.ellis@hotmail.com,4/25/1973,8/5/1994,457-99-3245
743314,Mr.,Grady,J,Herman,M,grady.herman@yahoo.ca,6/10/1969,8/25/1990,683-24-6192
570767,Mrs.,Eula,L,Aguirre,F,eula.aguirre@exxonmobil.com,3/28/1971,4/8/2002,271-17-1294
445556,Ms.,Nita,Q,Adams,F,nita.adams@hotmail.com,2/2/1986,8/11/2009,441-29-9396
471961,Dr.,Zachery,D,Harvey,M,zachery.harvey@walmart.com,6/13/1971,5/11/2005,117-98-7029
273769,Dr.,Scot,C,Faulkner,M,scot.faulkner@bp.com,5/22/1966,5/25/2001,226-99-3106
280832,Mrs.,Mia,S,Joseph,F,mia.joseph@hotmail.co.uk,6/20/1989,6/16/2017,638-29-9264
411066,Mr.,Hung,M,Herman,M,hung.herman@gmail.com,12/13/1976,11/8/2014,426-99-2897
843879,Ms.,Genevieve,V,Bradshaw,F,genevieve.bradshaw@gmail.com,3/4/1967,11/10/1990,578-53-4441
352677,Mr.,Alec,G,Brown,M,alec.brown@cox.net,3/17/1967,12/10/2006,110-98-2990
237902,Mr.,Pasquale,N,Knight,M,pasquale.knight@yahoo.co.uk,12/15/1960,12/24/1992,523-99-6783
180696,Mrs.,Sheri,L,Whitley,F,sheri.whitley@bp.com,12/6/1981,8/5/2012,616-87-7652
168016,Prof.,Mauro,D,Marshall,M,mauro.marshall@gmail.com,11/23/1988,5/2/2010,250-99-0956
481176,Ms.,Cristina,K,Grimes,F,cristina.grimes@yahoo.com,10/7/1993,9/23/2015,429-99-5107
438561,Mr.,Raul,M,Frost,M,raul.frost@hotmail.com,7/28/1965,2/2/2009,188-86-7216
709146,Hon.,Amparo,R,Dixon,F,amparo.dixon@charter.net,5/11/1979,3/27/2014,229-99-3940
746945,Mr.,Efrain,D,Carney,M,efrain.carney@yahoo.com,6/17/1958,12/15/2014,274-17-9077
473773,Mr.,Stacey,O,Workman,M,stacey.workman@gmail.com,3/26/1966,4/23/1994,055-02-2002
828174,Dr.,Leon,T,Mcgowan,M,leon.mcgowan@hotmail.com,5/11/1986,9/29/2007,693-16-3458
438094,Mrs.,Vonda,Z,Johns,F,vonda.johns@aol.com,7/9/1972,8/22/2006,599-92-7819
866744,Dr.,Jorge,H,Wright,M,jorge.wright@cox.net,6/14/1983,8/18/2016,715-18-3343
638900,Drs.,Brandy,B,Bean,F,brandy.bean@ntlworld.com,5/20/1995,9/11/2016,361-08-4499
759226,Ms.,Lakeisha,S,Bowman,F,lakeisha.bowman@hotmail.com,12/30/1967,2/21/1989,167-86-2936
476750,Drs.,Ernestine,C,Lambert,F,ernestine.lambert@msn.com,3/13/1970,10/2/2009,704-18-6132
588664,Mr.,Julius,H,Gardner,M,julius.gardner@btinternet.com,12/2/1986,6/20/2012,578-53-5318
403910,Ms.,Naomi,I,Jacobs,F,naomi.jacobs@hotmail.com,5/14/1973,7/25/2000,759-12-6705
449655,Mr.,Sydney,I,Frederick,M,sydney.frederick@bellsouth.net,3/7/1992,11/10/2016,580-41-2607
226863,Mr.,Clifton,E,Tyson,M,clifton.tyson@gmail.com,2/23/1967,7/8/1993,148-23-1501
651910,Mrs.,Consuelo,J,Hamilton,F,consuelo.hamilton@gmail.com,9/29/1960,5/30/2006,080-02-8603
717861,Mr.,Aldo,E,Jarvis,M,aldo.jarvis@aol.com,12/14/1982,8/20/2008,074-02-1008
885624,Mrs.,Deidre,M,Anthony,F,deidre.anthony@yahoo.co.uk,4/28/1985,3/13/2014,198-84-3960
341048,Ms.,Maura,T,Delaney,F,maura.delaney@yahoo.com,8/17/1963,12/2/1999,673-48-7327
709748,Hon.,Claudine,X,Landry,F,claudine.landry@cox.net,2/7/1985,6/29/2016,631-31-3828
454287,Drs.,Silvia,H,Ortega,F,silvia.ortega@hotmail.com,3/25/1966,4/1/2001,516-49-3077
390973,Ms.,Gilda,N,Dillon,F,gilda.dillon@msn.com,11/17/1971,1/22/1998,374-37-8017
570009,Drs.,Mai,R,Jennings,F,mai.jennings@gmail.com,11/4/1984,2/1/2007,149-23-2798
454506,Drs.,Cecilia,Y,Dawson,F,cecilia.dawson@yahoo.com,2/19/1975,6/21/1999,324-11-3653
147313,Mr.,Wilburn,U,Rowe,M,wilburn.rowe@yahoo.com,12/13/1977,10/31/2015,731-28-6861
307771,Mr.,Delbert,I,Cooley,M,delbert.cooley@shell.com,11/27/1976,5/17/2016,271-17-0330
498653,Dr.,Vincent,P,Case,M,vincent.case@yahoo.com,7/19/1983,10/8/2007,082-02-7876
964798,Prof.,Orlando,M,Wilkerson,M,orlando.wilkerson@hotmail.com,4/5/1973,12/20/2009,715-18-7770
616656,Mr.,Isiah,I,Hubbard,M,isiah.hubbard@hotmail.com,2/28/1971,4/2/2012,366-39-9593
232425,Mrs.,Jeanine,G,Ratliff,F,jeanine.ratliff@gmail.com,8/14/1967,12/22/2014,628-31-5980
504422,Prof.,Damien,L,Middleton,M,damien.middleton@bp.com,6/6/1976,7/1/1999,357-08-8311
941632,Mrs.,Fern,Q,Burris,F,fern.burris@aol.com,10/15/1973,11/2/2003,032-92-7904
925954,Mrs.,Katy,G,Glass,F,katy.glass@charter.net,8/9/1972,12/13/2006,113-98-6785
585128,Ms.,Nikki,P,Bean,F,nikki.bean@gmail.com,10/14/1989,6/17/2011,772-02-4583
271180,Mr.,Norris,F,Alvarez,M,norris.alvarez@charter.net,8/29/1985,9/25/2011,001-11-0631
277858,Mr.,Reinaldo,C,Eaton,M,reinaldo.eaton@gmail.com,5/20/1981,6/24/2009,733-26-2810
118882,Mr.,Eddie,A,Irwin,M,eddie.irwin@hotmail.com,4/8/1985,8/20/2011,144-23-7230
957082,Ms.,Denise,J,Swanson,F,denise.swanson@aol.com,5/6/1992,4/29/2017,022-92-5284
191995,Mrs.,Sasha,D,Beard,F,sasha.beard@gmail.com,6/5/1980,10/2/2004,169-86-7143
294276,Mr.,Josh,X,Tucker,M,josh.tucker@hotmail.com,7/28/1991,3/19/2016,422-67-3272
955260,Mr.,Rodger,X,Roach,M,rodger.roach@apple.com,11/25/1968,11/15/1993,149-23-8005
457714,Mr.,Miles,Y,Mcdaniel,M,miles.mcdaniel@gmail.com,10/29/1963,7/7/2011,139-23-1760
327467,Mrs.,Erin,A,French,F,erin.french@hotmail.com,5/18/1974,8/10/2012,384-37-0941
642418,Hon.,Rosalind,P,Booth,F,rosalind.booth@shaw.ca,4/4/1971,1/12/1998,196-84-7109
536053,Mr.,Lenard,Z,Conner,M,lenard.conner@gmail.com,6/4/1976,5/9/2017,069-02-9465
950796,Hon.,Wilson,K,Mcmillan,M,wilson.mcmillan@msn.com,10/17/1990,1/5/2015,623-85-7218
475176,Mr.,Harley,T,Murphy,M,harley.murphy@yahoo.com,2/23/1967,10/25/2008,080-02-0896
873985,Ms.,Carrie,I,Ramsey,F,carrie.ramsey@gmail.com,2/20/1995,3/1/2017,071-02-4170
706151,Dr.,Esteban,I,Finch,M,esteban.finch@walmart.com,7/23/1978,5/2/2013,123-98-0250
734991,Mr.,Merle,V,Martin,M,merle.martin@gmail.com,7/23/1965,5/1/2016,305-37-9398
461350,Ms.,Joanna,C,Rodriquez,F,joanna.rodriquez@gmail.com,11/9/1963,10/28/1987,049-15-6660
454745,Prof.,Cyrus,M,Gardner,M,cyrus.gardner@gmail.com,5/13/1992,12/22/2013,518-89-1335
901588,Mrs.,Mariana,N,Mcneil,F,mariana.mcneil@aol.com,3/25/1961,2/18/1984,008-94-2276
891083,Dr.,Fletcher,Z,Hardin,M,fletcher.hardin@btinternet.com,5/24/1995,9/10/2016,347-08-5571
654747,Prof.,Edwin,Z,Brock,M,edwin.brock@gmail.com,8/5/1994,10/30/2015,233-57-3669
778415,Ms.,Noreen,G,Bray,F,noreen.bray@gmail.com,11/23/1960,3/26/1988,200-84-7513
996768,Mr.,Ollie,E,Woods,M,ollie.woods@aol.com,1/26/1984,8/30/2014,454-99-5744
295864,Mr.,Cleveland,C,Kirkland,M,cleveland.kirkland@gmail.com,4/22/1993,6/22/2016,482-41-7537
924999,Mr.,Arron,N,Olsen,M,arron.olsen@shaw.ca,1/1/1978,7/28/2009,446-27-8138
291663,Mr.,Elijah,A,Garrison,M,elijah.garrison@gmail.com,1/1/1987,5/20/2014,475-55-8648
818352,Ms.,Allie,B,Landry,F,allie.landry@ntlworld.com,1/7/1966,9/5/2006,183-86-4136
636018,Mrs.,Janie,F,Cooke,F,janie.cooke@gmail.com,5/12/1970,8/27/2012,515-31-6632
712045,Hon.,Shelia,V,Conrad,F,shelia.conrad@ibm.com,8/15/1974,5/13/2001,389-33-2066
507999,Ms.,Aida,E,Banks,F,aida.banks@yahoo.com,11/29/1991,9/23/2013,138-25-2714
770255,Hon.,Lora,I,Wheeler,F,lora.wheeler@gmail.com,9/1/1977,10/31/2012,436-99-9214
977573,Mr.,Fritz,K,Gross,M,fritz.gross@ibm.com,3/12/1977,2/29/2004,302-15-8717
206695,Mrs.,Natalie,V,Ellison,F,natalie.ellison@bp.com,7/6/1972,6/22/2008,396-33-8229
688327,Mr.,Eliseo,A,Berry,M,eliseo.berry@apple.com,2/28/1985,8/10/2011,710-18-4715
903098,Prof.,Philip,T,Mcbride,M,philip.mcbride@outlook.com,11/25/1987,5/26/2017,446-27-6024
557561,Mrs.,Kay,L,Travis,F,kay.travis@yahoo.co.in,8/14/1967,8/20/1994,544-81-9190
864516,Ms.,Liliana,C,Donovan,F,liliana.donovan@hotmail.com,9/18/1984,6/8/2007,683-24-5188
743727,Ms.,Elise,I,Kidd,F,elise.kidd@hotmail.com,2/24/1967,2/24/1989,360-08-1688
205865,Ms.,Tabitha,Q,Baird,F,tabitha.baird@cox.net,5/3/1961,1/1/2002,479-41-7888
909024,Hon.,Barney,S,Guerrero,M,barney.guerrero@gmail.com,1/2/1974,9/24/2006,501-37-7976
808609,Mrs.,Myrtle,O,Riggs,F,myrtle.riggs@shaw.ca,10/10/1990,1/16/2017,591-99-2283
804895,Hon.,Frederick,I,Mckay,M,frederick.mckay@gmail.com,8/9/1987,4/9/2013,766-04-7699
564246,Ms.,Debora,T,Hinton,F,debora.hinton@hotmail.com,10/1/1994,9/20/2016,279-15-1416
208230,Mr.,Merlin,K,Meyers,M,merlin.meyers@gmail.com,11/14/1970,12/25/2009,254-99-4534
232387,Drs.,Celia,U,Huffman,F,celia.huffman@rediffmail.com,3/13/1995,4/8/2016,109-98-4636
124923,Ms.,Tina,C,Cabrera,F,tina.cabrera@gmail.com,3/12/1970,6/9/1999,192-86-8848
274518,Ms.,Kelsey,J,Brown,F,kelsey.brown@gmail.com,10/9/1985,11/29/2009,623-85-1493
288568,Mr.,Danny,U,Shaw,M,danny.shaw@gmail.com,4/27/1972,8/14/1997,709-18-2854
802355,Mrs.,Dena,X,Gomez,F,dena.gomez@aol.com,12/30/1968,5/12/1999,610-87-8150
648744,Dr.,Edmund,B,Blankenship,M,edmund.blankenship@yahoo.com,11/11/1965,3/22/2017,491-29-8264
224106,Dr.,Hershel,Y,Cain,M,hershel.cain@walmart.com,3/8/1964,4/6/1986,280-15-6288
543320,Mrs.,Lawanda,A,Whitehead,F,lawanda.whitehead@earthlink.net,7/29/1973,2/11/2013,575-99-6454
838662,Ms.,Sophia,R,Gregory,F,sophia.gregory@sbcglobal.net,2/11/1986,11/3/2012,323-11-4511
138130,Ms.,Lauren,Q,Mcgee,F,lauren.mcgee@gmail.com,6/12/1977,4/25/2014,106-98-1110
516579,Mr.,Guy,Q,Rutledge,M,guy.rutledge@hotmail.com,6/28/1994,2/6/2016,538-71-2253
939556,Mr.,Kurt,V,Oconnor,M,kurt.oconnor@hotmail.co.uk,6/20/1970,3/12/2002,152-23-3388
495659,Mrs.,Mallory,W,Pearson,F,mallory.pearson@aol.com,1/22/1970,1/17/1993,393-33-6184
630030,Ms.,Louisa,K,Nelson,F,louisa.nelson@aol.com,2/28/1979,9/30/2005,222-11-9575
874431,Mr.,Diego,J,Huffman,M,diego.huffman@hotmail.com,7/10/1961,3/3/1998,690-22-9118
809793,Ms.,Louisa,U,Ellison,F,louisa.ellison@yahoo.co.uk,12/5/1978,8/13/2004,557-99-1239
942454,Hon.,Josue,V,Cross,M,josue.cross@shell.com,3/31/1986,3/26/2011,330-11-1417
228229,Mrs.,Ines,H,Dominguez,F,ines.dominguez@sbcglobal.net,1/20/1975,1/27/2010,192-86-7885
375190,Mr.,Lance,Y,Garza,M,lance.garza@verizon.net,9/22/1979,8/18/2003,267-99-4896
532560,Ms.,Belinda,S,Pace,F,belinda.pace@yahoo.com,7/7/1976,7/11/2009,713-18-2119
210135,Ms.,Gracie,E,Herring,F,gracie.herring@shaw.ca,8/20/1988,10/20/2013,271-17-9236
228355,Dr.,Benito,A,Knapp,M,benito.knapp@aol.com,7/15/1979,2/16/2004,584-99-7295
965308,Mrs.,Lucinda,Q,Mcgowan,F,lucinda.mcgowan@gmail.com,11/15/1983,7/15/2017,591-99-0882
768500,Ms.,Jami,G,Golden,F,jami.golden@gmail.com,11/21/1960,1/21/1985,378-37-7676
816768,Dr.,David,B,Gutierrez,M,david.gutierrez@gmail.com,2/19/1995,1/4/2017,252-99-4453
909541,Mr.,Clement,B,Myers,M,clement.myers@earthlink.net,11/26/1958,6/20/1983,152-23-1091
529604,Mr.,Shane,S,Porter,M,shane.porter@hotmail.co.uk,6/7/1982,4/8/2014,220-89-6649
140932,Mr.,Clint,U,Gross,M,clint.gross@microsoft.com,4/20/1969,5/21/2000,128-98-4086
725731,Mrs.,Ofelia,K,Pickett,F,ofelia.pickett@hotmail.com,2/27/1990,5/25/2013,187-86-2657
214985,Mrs.,Karina,L,Green,F,karina.green@yahoo.ca,10/3/1967,1/12/2006,351-08-9588
405156,Mr.,Sam,O,Burris,M,sam.burris@cox.net,2/16/1960,11/10/1986,229-99-5055
249736,Hon.,Lina,P,Shannon,F,lina.shannon@bp.com,2/17/1981,4/14/2010,613-87-7056
526273,Mr.,Myles,M,Coleman,M,myles.coleman@gmail.com,2/3/1983,1/7/2011,614-87-5221
654723,Mr.,Clay,E,Freeman,M,clay.freeman@gmail.com,8/9/1973,4/12/2011,079-02-5138
672964,Mrs.,Catalina,S,Guthrie,F,catalina.guthrie@aol.com,5/13/1975,1/23/2000,449-99-7238
240799,Ms.,Nannie,E,Moon,F,nannie.moon@gmail.com,5/19/1976,7/24/2009,276-17-6827
169618,Dr.,Donovan,T,Serrano,M,donovan.serrano@btinternet.com,10/16/1988,5/15/2013,463-99-4299
430633,Drs.,Sondra,R,Reyes,F,sondra.reyes@yahoo.co.uk,4/18/1993,7/6/2016,174-86-7119
116286,Hon.,Terrance,N,Duke,M,terrance.duke@microsoft.com,11/2/1984,6/22/2013,207-84-7616
486573,Mrs.,Colleen,Z,Rodriguez,F,colleen.rodriguez@cox.net,2/13/1994,4/28/2015,677-22-3168
371751,Prof.,Thad,X,Luna,M,thad.luna@gmail.com,2/22/1969,4/2/2007,043-15-7824
783654,Mr.,Terence,P,Clay,M,terence.clay@outlook.com,7/24/1995,11/30/2016,439-99-6942
845635,Ms.,Bettie,Q,Holman,F,bettie.holman@hotmail.co.uk,12/24/1979,5/12/2013,606-87-8889
266624,Mr.,Boyd,G,Greer,M,boyd.greer@yahoo.co.in,1/30/1996,4/13/2017,397-33-0382
682855,Mr.,Corey,J,Edwards,M,corey.edwards@gmail.com,6/19/1969,11/18/1990,296-15-4513
229899,Hon.,Violet,T,Lindsay,F,violet.lindsay@charter.net,6/25/1959,5/19/2013,340-11-3051
701561,Mrs.,Camille,D,Mullins,F,camille.mullins@yahoo.com,6/3/1967,7/12/2001,764-29-7040
114862,Mrs.,Nicole,F,Rodriquez,F,nicole.rodriquez@gmail.com,2/1/1964,1/15/2002,378-37-2300
445650,Mr.,Joan,N,Bauer,M,joan.bauer@yahoo.com,1/28/1982,8/12/2013,553-99-8862
574544,Mr.,Kennith,L,Marquez,M,kennith.marquez@aol.com,12/9/1971,8/1/1994,561-99-5918
990758,Ms.,Mae,P,Hurst,F,mae.hurst@gmail.com,7/8/1988,2/19/2010,757-12-6330
833424,Dr.,Denver,I,Mann,M,denver.mann@exxonmobil.com,7/8/1958,12/22/1987,105-02-7288
864834,Mr.,Milford,Y,Dickerson,M,milford.dickerson@gmail.com,10/26/1965,12/3/1999,011-94-6151
703495,Ms.,Marva,B,Phelps,F,marva.phelps@hotmail.com,4/3/1974,10/5/2015,753-07-3049
222179,Mrs.,Betsy,P,Dillon,F,betsy.dillon@msn.com,12/4/1982,7/11/2014,203-84-4304
951011,Ms.,Celeste,D,Ramirez,F,celeste.ramirez@aol.com,11/30/1981,2/22/2015,652-62-3242
187639,Mrs.,Tonya,D,Burke,F,tonya.burke@aol.com,6/13/1982,8/4/2015,019-94-7438
375051,Ms.,Deana,P,Spencer,F,deana.spencer@hotmail.com,7/30/1976,10/9/2000,165-86-3979
509810,Ms.,Susanne,M,Joseph,F,susanne.joseph@gmail.com,12/25/1963,7/28/1985,512-33-6786
625661,Mr.,Cole,A,Spencer,M,cole.spencer@yahoo.com,6/17/1959,4/25/2003,148-23-2588
662168,Prof.,Marlon,E,Whitaker,M,marlon.whitaker@aol.com,4/10/1982,4/19/2008,306-37-4565
678244,Mrs.,Trudy,Z,Frazier,F,trudy.frazier@rediffmail.com,6/5/1960,4/2/2007,136-25-5276
864339,Mrs.,Tania,G,May,F,tania.may@hotmail.com,4/3/1960,1/16/1985,304-37-2885
436424,Mr.,Leonel,G,Guerrero,M,leonel.guerrero@exxonmobil.com,5/5/1992,7/6/2014,557-99-7283
606834,Drs.,Nadia,Z,Stokes,F,nadia.stokes@gmail.com,7/20/1979,10/3/2005,470-57-5153
268942,Mr.,Cody,C,Dillard,M,cody.dillard@gmail.com,2/21/1976,5/9/2001,093-02-5538
484822,Ms.,Megan,T,Fry,F,megan.fry@gmail.com,1/19/1996,5/23/2017,724-28-9985
397241,Ms.,Darla,S,Durham,F,darla.durham@microsoft.com,6/26/1987,11/26/2012,149-23-3818
924252,Hon.,Cecile,I,Ross,F,cecile.ross@bp.com,1/4/1994,10/22/2016,765-27-7606
717079,Hon.,Helene,K,Franco,F,helene.franco@shell.com,6/25/1967,1/7/2002,702-18-0397
494794,Mr.,Vernon,C,Buchanan,M,vernon.buchanan@gmail.com,12/17/1993,5/10/2015,156-23-8758
970841,Hon.,Marva,C,Santiago,F,marva.santiago@gmail.com,10/27/1988,8/6/2012,274-17-8211
281794,Mrs.,Yvette,X,Bentley,F,yvette.bentley@hotmail.com,5/30/1992,11/30/2015,521-99-6108
520539,Hon.,Derick,R,Daugherty,M,derick.daugherty@hotmail.com,12/31/1985,3/24/2007,050-02-7511
567269,Ms.,Fay,O,Villarreal,F,fay.villarreal@yahoo.com,4/4/1989,11/29/2012,276-17-8153
749292,Ms.,Deanna,E,Wilkins,F,deanna.wilkins@ibm.com,12/18/1962,5/29/2016,092-02-1017
292144,Drs.,Augusta,P,Andrews,F,augusta.andrews@gmail.com,12/16/1985,10/3/2013,540-83-5625
896825,Ms.,Erna,A,Tran,F,erna.tran@gmail.com,9/7/1976,11/18/2009,447-27-1576
216408,Mr.,Luther,H,Short,M,luther.short@gmail.com,6/13/1993,4/9/2017,759-12-0402
579003,Prof.,Curtis,S,Williamson,M,curtis.williamson@hotmail.com,7/21/1974,10/26/2013,357-08-2317
249410,Ms.,Yvette,C,Rivers,F,yvette.rivers@ibm.com,11/9/1971,1/13/2006,689-24-6905
241389,Mr.,Walter,G,Velez,M,walter.velez@gmail.com,4/21/1992,3/8/2016,126-98-9311
311405,Ms.,Christa,P,Wilkins,F,christa.wilkins@verizon.net,10/25/1974,5/15/2011,725-18-6016
796832,Mr.,Milton,Z,Neal,M,milton.neal@gmail.com,12/4/1971,6/29/2003,358-08-6725
976347,Ms.,Kimberly,T,Harmon,F,kimberly.harmon@gmail.com,10/6/1991,7/8/2015,761-12-1475
363748,Mr.,Lemuel,E,Houston,M,lemuel.houston@charter.net,1/22/1979,12/9/2014,028-92-4476
368157,Hon.,Marcie,N,Weiss,F,marcie.weiss@yahoo.com,10/22/1994,10/21/2016,404-73-8790
466203,Mr.,Bart,I,Whitaker,M,bart.whitaker@hotmail.com,6/23/1962,2/17/2007,235-57-8388
893798,Ms.,Patrice,N,Koch,F,patrice.koch@shaw.ca,5/19/1995,7/11/2016,362-39-6645
501368,Mr.,Xavier,O,Mcintosh,M,xavier.mcintosh@gmail.com,12/10/1990,8/22/2014,035-74-2854
507594,Ms.,Lidia,K,Rojas,F,lidia.rojas@yahoo.com,9/6/1993,4/22/2016,218-89-0801
390989,Drs.,Essie,C,Bridges,F,essie.bridges@yahoo.co.uk,3/13/1993,11/26/2015,185-86-5982
312364,Mrs.,Sondra,N,Stephens,F,sondra.stephens@msn.com,11/11/1976,1/24/2001,572-99-0507
444670,Mr.,Monte,A,Contreras,M,monte.contreras@gmail.com,5/14/1975,10/19/1998,477-55-7262
969572,Mr.,Ernesto,U,Moreno,M,ernesto.moreno@hotmail.com,11/27/1965,2/16/2006,122-98-7403
129405,Prof.,Ismael,S,Ellis,M,ismael.ellis@charter.net,4/10/1975,8/23/2000,477-55-7715
612960,Mr.,Elijah,K,Hopkins,M,elijah.hopkins@aol.com,4/26/1994,11/13/2016,038-74-6930
328690,Mrs.,Leigh,K,Mccall,F,leigh.mccall@gmail.com,7/18/1987,7/27/2008,619-87-2551
960091,Mr.,Genaro,W,Stafford,M,genaro.stafford@yahoo.com,8/17/1979,10/16/2000,320-11-2235
563448,Drs.,Lucy,F,Hinton,F,lucy.hinton@yahoo.com,5/24/1976,12/23/1998,695-16-6326
982922,Ms.,Bernadette,H,Glass,F,bernadette.glass@hotmail.com,5/24/1994,1/29/2016,334-11-0572
646972,Mr.,Lee,F,Peck,M,lee.peck@gmail.com,2/10/1976,6/5/2009,180-86-0599
387407,Prof.,Damian,Q,Ellison,M,damian.ellison@gmail.com,4/26/1962,9/2/2010,512-33-2215
468347,Mr.,Dusty,R,Hendricks,M,dusty.hendricks@gmail.com,6/4/1967,10/8/2013,503-45-4085
707678,Hon.,Katina,S,Wynn,F,katina.wynn@gmail.com,9/13/1987,3/21/2015,626-85-1863
709899,Prof.,Clair,J,Morris,M,clair.morris@gmail.com,7/7/1958,12/13/1981,079-02-5317
931481,Prof.,Ernesto,U,Short,M,ernesto.short@hotmail.com,2/3/1993,6/25/2015,683-24-2543
415337,Drs.,Frankie,J,Wiggins,F,frankie.wiggins@gmail.com,10/24/1958,2/12/1990,377-37-7795
795746,Mrs.,Angelique,G,Guy,F,angelique.guy@hotmail.com,4/23/1990,7/20/2012,732-28-2021
880808,Mr.,Marcelino,I,Tanner,M,marcelino.tanner@gmail.com,7/25/1962,2/10/2009,173-86-7648
224527,Prof.,Tony,S,Weiss,M,tony.weiss@aol.com,5/29/1971,10/28/1993,292-15-1702
674436,Dr.,Lenard,R,Cardenas,M,lenard.cardenas@yahoo.co.uk,2/6/1981,11/18/2008,118-98-3789
492623,Mrs.,Aurora,S,Gray,F,aurora.gray@gmail.com,4/29/1965,1/18/1988,359-08-8042
589874,Ms.,Manuela,F,Koch,F,manuela.koch@aol.com,12/13/1967,9/21/2009,015-94-0568
476018,Ms.,Jean,K,Mclean,F,jean.mclean@walmart.com,5/4/1987,5/28/2011,592-99-6453
228339,Drs.,Barbra,N,Sutton,F,barbra.sutton@ibm.com,7/1/1987,9/28/2012,352-08-2930
239118,Mrs.,Deann,G,Mccormick,F,deann.mccormick@yahoo.co.uk,4/12/1959,6/4/1988,590-99-7706
125780,Ms.,Reba,L,Browning,F,reba.browning@hotmail.com,9/19/1964,10/22/1993,355-08-4077
431018,Mr.,Rickie,J,Alston,M,rickie.alston@gmail.com,4/13/1990,3/17/2015,063-02-6842
452967,Dr.,Lyman,D,Reeves,M,lyman.reeves@yahoo.com,4/10/1990,1/19/2017,261-99-5615
407464,Mr.,Deon,J,Quinn,M,deon.quinn@gmail.com,9/19/1965,11/25/2007,138-25-4573
871827,Mr.,Israel,K,Mccarthy,M,israel.mccarthy@outlook.com,10/5/1972,1/11/2001,135-25-0215
884068,Dr.,Moises,V,Berger,M,moises.berger@shell.com,5/6/1964,6/10/2006,472-57-1193
131361,Ms.,Jerri,W,Douglas,F,jerri.douglas@yahoo.com,5/3/1963,2/6/1994,618-87-6769
259652,Mr.,Bradley,D,Nieves,M,bradley.nieves@gmail.com,9/2/1983,2/2/2005,603-87-2981
430932,Hon.,Romeo,O,Foster,M,romeo.foster@shell.com,5/5/1983,1/7/2005,249-99-8047
637522,Hon.,Leopoldo,B,Mcgee,M,leopoldo.mcgee@gmail.com,10/25/1986,4/28/2017,062-02-1111
467568,Prof.,Andrea,F,Crawford,M,andrea.crawford@exxonmobil.com,8/23/1978,9/2/2009,757-12-0852
683539,Mr.,Charley,Z,Daniel,M,charley.daniel@yahoo.com,3/8/1959,4/30/2014,464-99-3054
417301,Ms.,Carolyn,Q,Butler,F,carolyn.butler@yahoo.com,8/2/1978,3/27/2006,526-99-8674
682104,Mrs.,Gracie,M,Stanley,F,gracie.stanley@gmail.com,10/24/1974,11/20/2005,368-39-6485
544977,Mr.,Jerrold,L,Sweet,M,jerrold.sweet@gmail.com,11/1/1991,10/23/2015,031-92-6851
928962,Mr.,Joshua,G,Small,M,joshua.small@gmail.com,9/17/1960,8/20/2001,343-11-5694
248088,Mrs.,Kristy,D,Jordan,F,kristy.jordan@hotmail.com,12/15/1989,3/6/2013,506-57-0225
599683,Mr.,Spencer,Z,Williams,M,spencer.williams@hotmail.com,8/9/1977,4/29/2014,144-23-0486
117980,Ms.,Ashley,A,Ochoa,F,ashley.ochoa@shell.com,8/24/1978,3/24/2015,226-99-3289
899405,Mr.,Rocco,P,Wall,M,rocco.wall@gmail.com,10/2/1964,5/7/1994,732-28-7587
935067,Mr.,Sonny,G,Carey,M,sonny.carey@gmail.com,10/27/1961,5/20/2008,150-23-2859
521604,Hon.,Erich,T,Goodman,M,erich.goodman@gmail.com,4/3/1962,11/27/1986,688-24-4560
848091,Prof.,Mack,Q,Massey,M,mack.massey@shaw.ca,5/15/1993,4/16/2016,103-02-3216
999219,Ms.,Vicky,Z,Burgess,F,vicky.burgess@hotmail.com,4/6/1992,5/2/2017,511-33-6199
209627,Mrs.,Willa,Q,Hensley,F,willa.hensley@gmail.com,11/1/1965,9/28/2003,646-23-3771
642586,Hon.,Reva,H,Morales,F,reva.morales@yahoo.com,12/27/1988,3/13/2011,531-71-3442
651163,Ms.,Ina,H,Cummings,F,ina.cummings@gmail.com,6/22/1993,4/29/2016,034-92-9215
425289,Mrs.,Kristi,M,Monroe,F,kristi.monroe@gmail.com,3/26/1972,6/16/2006,695-16-4776
314444,Mr.,Danial,V,Carpenter,M,danial.carpenter@msn.com,7/26/1986,4/1/2012,601-99-2184
956821,Ms.,Benita,L,Duncan,F,benita.duncan@gmail.com,11/17/1957,12/8/1985,724-28-0144
711278,Mr.,Dwayne,R,Kim,M,dwayne.kim@ibm.com,1/4/1976,2/27/2009,448-27-8402
125371,Ms.,Lorrie,D,Rocha,F,lorrie.rocha@aol.com,1/16/1995,12/21/2016,678-22-7346
906259,Drs.,Juliana,V,Hines,F,juliana.hines@gmail.com,12/15/1979,4/21/2007,580-41-4352
327429,Prof.,Mac,Z,Mcleod,M,mac.mcleod@gmail.com,2/5/1979,6/14/2003,320-11-0958
272413,Mr.,Bryce,V,Bonner,M,bryce.bonner@gmail.com,2/13/1958,3/3/2008,348-08-7421
645306,Mr.,Guadalupe,U,Holcomb,M,guadalupe.holcomb@hotmail.com,2/27/1981,12/27/2013,481-41-3721
180869,Mr.,Jacob,S,Cherry,M,jacob.cherry@yahoo.co.in,10/4/1970,8/15/2014,083-02-8562
222563,Mrs.,Jeanette,E,Rivera,F,jeanette.rivera@aol.com,9/3/1963,5/22/2002,143-23-0461
541221,Mr.,Jefferson,B,Holt,M,jefferson.holt@yahoo.ca,7/17/1996,7/15/2017,304-37-7449
198476,Mr.,Dillon,R,Dunn,M,dillon.dunn@yahoo.ca,6/18/1973,5/25/1999,029-92-4488
664807,Hon.,Bertie,Q,Slater,F,bertie.slater@gmail.com,2/3/1994,1/5/2017,574-61-0132
673745,Ms.,Hannah,Z,Cooper,F,hannah.cooper@shaw.ca,10/4/1993,11/13/2015,509-33-6508
812026,Mr.,Jon,A,Mcneil,M,jon.mcneil@hotmail.com,3/22/1973,1/1/2008,215-91-9193
957459,Drs.,Caitlin,U,Mann,F,caitlin.mann@hotmail.com,11/5/1961,9/29/1990,611-87-6022
118109,Hon.,Doris,H,Giles,F,doris.giles@aol.com,1/3/1959,10/8/2000,193-86-6409
900863,Mrs.,Barbra,A,Hobbs,F,barbra.hobbs@outlook.com,5/9/1991,10/6/2013,491-29-5239
147382,Mr.,Hung,E,Witt,M,hung.witt@apple.com,8/6/1965,7/25/1998,043-15-7895
456816,Ms.,Adele,Y,Scott,F,adele.scott@yahoo.com,8/29/1980,3/27/2012,405-73-5476
437096,Ms.,Stella,H,Guy,F,stella.guy@btinternet.com,10/13/1979,3/31/2016,536-71-1774
159397,Mr.,Clement,B,Lancaster,M,clement.lancaster@charter.net,8/13/1971,1/4/2005,180-86-6071
169739,Ms.,Rosetta,J,Decker,F,rosetta.decker@bp.com,4/3/1993,4/7/2016,583-99-8323
995863,Mr.,Caleb,Q,Poole,M,caleb.poole@hotmail.com,4/19/1972,6/9/2004,466-99-5783
779374,Prof.,Dudley,V,Elliott,M,dudley.elliott@yahoo.com,9/8/1966,4/1/1996,636-31-2637
587639,Ms.,Barbara,W,Palmer,F,barbara.palmer@yahoo.com,6/7/1984,4/23/2014,677-22-6704
964222,Mrs.,Alana,S,Henderson,F,alana.henderson@gmail.com,6/15/1959,11/17/1987,416-67-9779
597006,Ms.,Hazel,L,Case,F,hazel.case@aol.com,8/3/1962,10/7/1987,241-99-0661
688836,Mr.,Erich,Z,Lyons,M,erich.lyons@gmail.com,3/31/1996,4/27/2017,752-09-2442
498361,Mrs.,Elise,A,Zimmerman,F,elise.zimmerman@gmail.com,12/26/1977,8/14/2007,322-11-8121
759183,Prof.,Mauro,W,Fernandez,M,mauro.fernandez@gmail.com,6/9/1982,5/20/2011,490-29-1098
186298,Mrs.,Luisa,Q,Mcintyre,F,luisa.mcintyre@outlook.com,5/6/1963,7/19/1992,562-99-9605
776211,Mr.,Duane,R,Lowery,M,duane.lowery@aol.com,12/12/1979,6/29/2003,004-13-6661
337146,Mr.,Weldon,C,Hyde,M,weldon.hyde@gmail.com,2/18/1974,8/27/2006,764-29-9584
273427,Hon.,Ilene,F,Head,F,ilene.head@apple.com,3/6/1986,8/25/2007,282-15-5642
329548,Mr.,Phil,B,Montgomery,M,phil.montgomery@btinternet.com,11/13/1991,7/28/2017,623-85-2895
955183,Mr.,Jonas,L,Underwood,M,jonas.underwood@exxonmobil.com,7/13/1995,1/10/2017,327-11-7801
862947,Mrs.,Benita,H,Mcgee,F,benita.mcgee@hotmail.com,12/30/1970,5/16/2005,044-15-3638
174542,Ms.,Rochelle,R,Guerrero,F,rochelle.guerrero@gmail.com,9/10/1992,6/18/2015,120-98-6307
857324,Drs.,Terra,Z,Webb,F,terra.webb@gmail.com,7/1/1973,12/15/2008,266-99-6589
678498,Mr.,Buford,Y,Zimmerman,M,buford.zimmerman@yahoo.ca,9/4/1994,7/23/2016,258-99-0396
661971,Mr.,Emanuel,X,Nichols,M,emanuel.nichols@hotmail.co.uk,6/5/1962,5/9/1999,359-08-1106
537235,Ms.,Cheryl,M,French,F,cheryl.french@aol.com,8/20/1985,9/9/2012,389-33-0522
712170,Mr.,Theodore,T,Dale,M,theodore.dale@exxonmobil.com,12/17/1994,7/1/2017,750-20-7529
285184,Mrs.,Ginger,H,Palmer,F,ginger.palmer@btinternet.com,5/23/1978,2/9/2009,333-11-6014
994907,Hon.,Lilian,L,Stein,F,lilian.stein@aol.com,6/23/1996,6/23/2017,314-35-6095
523887,Mr.,Gilbert,L,Luna,M,gilbert.luna@microsoft.com,10/1/1968,12/25/2004,042-15-5241
684722,Mr.,Waldo,B,Wright,M,waldo.wright@bp.com,1/26/1973,10/29/2014,103-02-8337
792224,Mr.,Tommie,Y,Cunningham,M,tommie.cunningham@btinternet.com,7/12/1977,10/27/2013,759-12-8254
199699,Prof.,George,W,Potts,M,george.potts@msn.com,1/13/1961,6/23/2006,313-35-0994
953997,Mr.,Graham,F,Hutchinson,M,graham.hutchinson@microsoft.com,5/18/1985,2/11/2013,360-08-1956
149818,Mrs.,Ophelia,Z,Pena,F,ophelia.pena@gmail.com,1/11/1986,6/23/2016,144-23-2416
352882,Dr.,Lon,P,Harper,M,lon.harper@aol.com,4/24/1994,9/2/2016,655-36-7746
760995,Mr.,Irvin,V,Witt,M,irvin.witt@gmail.com,1/25/1993,3/28/2014,244-99-1471
873626,Mrs.,Sheri,A,Spears,F,sheri.spears@yahoo.com,1/7/1982,11/25/2007,431-99-1687
247051,Ms.,Alberta,A,Page,F,alberta.page@hotmail.com,2/5/1981,8/17/2010,210-84-8950
715045,Drs.,Kerri,Q,Santos,F,kerri.santos@yahoo.com,11/10/1982,2/18/2017,412-99-7151
601808,Mr.,Olin,N,Case,M,olin.case@hotmail.com,6/6/1991,2/14/2015,267-99-1476
569286,Mr.,Stefan,L,Jacobs,M,stefan.jacobs@cox.net,9/26/1983,10/30/2008,179-86-9985
172440,Dr.,Cody,H,Allison,M,cody.allison@gmail.com,12/23/1988,6/21/2017,312-35-7906
568435,Ms.,Bonnie,K,Baker,F,bonnie.baker@bp.com,8/3/1985,1/7/2008,064-02-6162
597409,Mr.,Luke,S,Turner,M,luke.turner@charter.net,2/12/1987,3/5/2010,056-02-8240
359608,Hon.,Eva,S,Holman,F,eva.holman@hotmail.com,9/26/1957,2/20/2001,343-11-1935
803426,Mrs.,Maritza,H,Christian,F,maritza.christian@microsoft.com,5/19/1987,3/15/2012,336-11-5030
669618,Drs.,Phyllis,H,Dudley,F,phyllis.dudley@yahoo.co.in,11/2/1957,1/17/1980,101-02-6501